,Unnamed: 0,SMILES,RT,Speed,i-PrOH_proportion,Literature,Column
2,2,C=CCCCCCCC[C@@H](C[C@@]1(CCCC1=O)c2ccccc2)C=O,0.97,2.0,0.076923,10.1002/anie.202001100,AD3
57,57,C[C@@H]1N(Cc2ccccc2c3ccccc13)C(=O)OC(C)(C)C,3.5,0.3,0.02,10.1039/C8SC04482A,AD3
58,58,C[C@H]1N(Cc2ccccc2c3ccccc13)C(=O)OC(C)(C)C,3.9,0.3,0.02,10.1039/C8SC04482A,AD3
89,89,C[C@@H]1NC(=O)c2ccccc2c3ncccc13,5.1,0.5,0.2,10.1021/acs.orglett.0c02282,AD3
90,90,C[C@H]1NC(=O)c2ccccc2c3ncccc13,4.2,0.5,0.2,10.1021/acs.orglett.0c02282,AD3
91,91,C[C@@H]1NC(=O)c2ccccc2c3ccccc13,6.5,0.5,0.2,10.1021/acs.orglett.0c02282,AD3
92,92,C[C@H]1NC(=O)c2ccccc2c3ccccc13,4.2,0.5,0.2,10.1021/acs.orglett.0c02282,AD3
97,97,CC[C@@H]([C@@H](N)C(=O)N(C)C)c1ccccc1,5.09,1.0,0.15,10.1002/anie.202202552,AD3
112,112,C[C@@H]([C@@H](N)C(=O)N(C)C)c1ccccc1,5.12,1.0,0.15,10.1002/anie.202202552,AD3
141,141,CN(C)C(=O)[C@H](NC(=O)c1ccccc1)C(C)(C)C,4.07,1.0,0.2,10.1002/anie.202202552,AD3
142,142,CN(C)C(=O)[C@@H](NC(=O)c1ccccc1)C(C)(C)C,4.78,1.0,0.2,10.1002/anie.202202552,AD3
153,153,C[C@@H]([C@@H](N)C(=O)N(C)C)c1ccccc1C,5.79,1.0,0.1,10.1002/anie.202202552,AD3
219,219,CC1(C)OB(OC1(C)C)[C@@H](Cc2ccccc2)N3CCOC3=O,7.32,0.5,0.1,10.1039/C9SC04534A,AD3
220,220,CC1(C)OB(OC1(C)C)[C@H](Cc2ccccc2)N3CCOC3=O,5.35,0.5,0.1,10.1039/C9SC04534A,AD3
295,295,O=C1Nc2ccccc2[C@H]1Cc3ccccc3,6.603,1.0,0.2,10.1039/D0CC06311H,AD3
296,296,O=C1Nc2ccccc2[C@@H]1Cc3ccccc3,5.76,1.0,0.2,10.1039/D0CC06311H,AD3
475,475,CC[C@@H](NC(=O)c1ccccc1)C(=O)N(C)C,4.63,1.0,0.2,10.1002/anie.202202552,AD3
476,476,CC[C@H](NC(=O)c1ccccc1)C(=O)N(C)C,6.59,1.0,0.2,10.1002/anie.202202552,AD3
487,487,CCOC(OCC)[C@@H](NCc1ccccc1)c2ccccc2,5.5,0.8,0.05,10.1039/D1CC06601C,AD3
488,488,CCOC(OCC)[C@H](NCc1ccccc1)c2ccccc2,6.6,0.8,0.05,10.1039/D1CC06601C,AD3
512,512,C[C@@H](O)c1ccccc1C,5.9,0.5,0.01,10.1021/acscatal.0c04206,AD3
513,513,C[C@H](O)c1ccccc1C,6.7,0.5,0.01,10.1021/acscatal.0c04206,AD3
553,553,Cc1ccc(cc1)[C@@]2(C)CCC(=O)C=C2,6.2,1.0,0.03,10.1021/jacs.9b07957,AD3
554,554,Cc1ccc(cc1)[C@]2(C)CCC(=O)C=C2,6.9,1.0,0.03,10.1021/jacs.9b07957,AD3
555,555,C[C@@H]1NCc2cc(ccc2c3ccccc13)C(F)(F)F,10.3,0.8,0.2,10.1039/C8SC04482A,AD3
556,556,C[C@H]1NCc2cc(ccc2c3ccccc13)C(F)(F)F,6.9,0.8,0.2,10.1039/C8SC04482A,AD3
610,610,C[C@@H]1NCc2ccc(C)cc2c3ccccc13,11.6,0.8,0.2,10.1039/C8SC04482A,AD3
611,611,C[C@H]1NCc2ccc(C)cc2c3ccccc13,7.1,0.8,0.2,10.1039/C8SC04482A,AD3
640,640,CC[C@@H]1NCc2ccccc2c3ccccc13,13.0,0.8,0.2,10.1039/C8SC04482A,AD3
641,641,CC[C@H]1NCc2ccccc2c3ccccc13,7.2,0.8,0.2,10.1039/C8SC04482A,AD3
660,660,C[C@@H](NC(=O)c1ccccc1)C(=O)N(C)C,4.94,1.0,0.2,10.1002/anie.202202552,AD3
661,661,C[C@H](NC(=O)c1ccccc1)C(=O)N(C)C,7.29,1.0,0.2,10.1002/anie.202202552,AD3
697,697,CC[C@@H](O)c1ccc(C)cc1,6.4,0.5,0.01,10.1021/acscatal.0c04206,AD3
698,698,CC[C@H](O)c1ccc(C)cc1,7.4,0.5,0.01,10.1021/acscatal.0c04206,AD3
699,699,C[C@@H]1NCc2cc(F)ccc2c3ccccc13,14.1,0.8,0.2,10.1039/C8SC04482A,AD3
700,700,C[C@H]1NCc2cc(F)ccc2c3ccccc13,7.4,0.8,0.2,10.1039/C8SC04482A,AD3
753,753,CN(C)C(=O)[C@H](N)Cc1ccccc1,4.74,1.0,0.2,10.1002/anie.202202552,AD3
754,754,CN(C)C(=O)[C@@H](N)Cc1ccccc1,7.6,1.0,0.2,10.1002/anie.202202552,AD3
755,755,C[C@@H]1NCc2cc(F)c(F)cc2c3ccccc13,16.2,0.8,0.2,10.1039/C8SC04482A,AD3
756,756,C[C@H]1NCc2cc(F)c(F)cc2c3ccccc13,7.6,0.8,0.2,10.1039/C8SC04482A,AD3
769,769,COc1ccc(C[C@@H](N)C(=O)N(C)C)cc1,4.94,1.0,0.25,10.1002/anie.202202552,AD3
770,770,COc1ccc(C[C@H](N)C(=O)N(C)C)cc1,7.67,1.0,0.25,10.1002/anie.202202552,AD3
779,779,C[C@@H]1NCc2c(C)cc(F)cc2c3ccccc13,12.8,0.8,0.2,10.1039/C8SC04482A,AD3
780,780,C[C@H]1NCc2c(C)cc(F)cc2c3ccccc13,7.7,0.8,0.2,10.1039/C8SC04482A,AD3
806,806,C[C@@]1(CCC(=O)C=C1)c2ccccc2,6.9,1.0,0.03,10.1021/jacs.9b07957,AD3
807,807,C[C@]1(CCC(=O)C=C1)c2ccccc2,7.8,1.0,0.03,10.1021/jacs.9b07957,AD3
840,840,C[C@@H]1NCc2ccccc2c3ccccc13,13.4,0.8,0.2,10.1039/C8SC04482A,AD3
841,841,C[C@H]1NCc2ccccc2c3ccccc13,7.9,0.8,0.2,10.1039/C8SC04482A,AD3
862,862,C[C@@]1(CCC(=O)C=C1)c2ccc(cc2)C(F)(F)F,7.0,1.0,0.03,10.1021/jacs.9b07957,AD3
863,863,C[C@]1(CCC(=O)C=C1)c2ccc(cc2)C(F)(F)F,8.0,1.0,0.03,10.1021/jacs.9b07957,AD3
864,864,CC(C)Cc1ccc(cc1)[C@@H](C)C(O)=O,8.3,0.5,0.01,10.1038/s41467/020/17057/z,AD3
865,865,CC(C)Cc1ccc(cc1)[C@H](C)C(O)=O,8.0,0.5,0.01,10.1038/s41467/020/17057/z,AD3
892,892,Cc1cccc(c1)[C@@H]2NCCc3ccccc23,8.6,1.0,0.3,10.1039/C8CC03586E,AD3
893,893,Cc1cccc(c1)[C@H]2NCCc3ccccc23,8.1,1.0,0.3,10.1039/C8CC03586E,AD3
1032,1032,C[C@@]1(CCC(=O)C=C1)c2ccc(F)cc2,7.8,1.0,0.03,10.1021/jacs.9b07957,AD3
1033,1033,C[C@]1(CCC(=O)C=C1)c2ccc(F)cc2,8.5,1.0,0.03,10.1021/jacs.9b07957,AD3
1034,1034,C[C@@H]1NCc2cccc(F)c2c3ccccc13,17.1,0.8,0.2,10.1039/C8SC04482A,AD3
1035,1035,C[C@H]1NCc2cccc(F)c2c3ccccc13,8.5,0.8,0.2,10.1039/C8SC04482A,AD3
1054,1054,CC(C)(C)OC(=O)C1(CN(C(=O)Nc2cccc(c2)C(F)(F)F)[C@@](CC(F)(F)F)(C1)c3ccccc3)C(=O)OC(C)(C)C,12.14,0.5,0.15,10.1021/jacs.6b04077,AD3
1055,1055,CC(C)(C)OC(=O)C1(CN(C(=O)Nc2cccc(c2)C(F)(F)F)[C@](CC(F)(F)F)(C1)c3ccccc3)C(=O)OC(C)(C)C,8.57,0.5,0.15,10.1021/jacs.6b04077,AD3
1064,1064,COc1ccccc1[C@@]2(C)CCC(=O)C=C2,8.1,1.0,0.03,10.1021/jacs.9b07957,AD3
1065,1065,COc1ccccc1[C@]2(C)CCC(=O)C=C2,8.6,1.0,0.03,10.1021/jacs.9b07957,AD3
1066,1066,Brc1ccc2CCN[C@@H](c3ccccc3)c2c1,8.1,1.0,0.3,10.1039/C8CC03586E,AD3
1067,1067,Brc1ccc2CCN[C@H](c3ccccc3)c2c1,8.6,1.0,0.3,10.1039/C8CC03586E,AD3
1081,1081,CC1(C)CN[C@@](CN2CCOCC2)(C1)c3ccccc3,9.29,0.5,0.1,10.1016/j.chempr.2017.10.008,AD3
1082,1082,CC1(C)CN[C@](CN2CCOCC2)(C1)c3ccccc3,8.64,0.5,0.1,10.1016/j.chempr.2017.10.008,AD3
1147,1147,C[C@@]1(CCC(=O)C=C1)c2ccc(F)cc2,8.1,1.0,0.03,10.1021/jacs.9b07957,AD3
1148,1148,C[C@]1(CCC(=O)C=C1)c2ccc(F)cc2,8.8,1.0,0.03,10.1021/jacs.9b07957,AD3
1203,1203,C[C@H](C(O)=O)c1ccc(c(F)c1)c2ccccc2,12.53,1.0,0.05,10.1021/acs.orglett.2c00852,AD3
1204,1204,C[C@@H](C(O)=O)c1ccc(c(F)c1)c2ccccc2,8.94,1.0,0.05,10.1021/acs.orglett.2c00852,AD3
1217,1217,C[C@@H]1NCc2ccccc2c3ncccc13,10.4,0.8,0.2,10.1039/C8SC04482A,AD3
1218,1218,C[C@H]1NCc2ccccc2c3ncccc13,9.0,0.8,0.2,10.1039/C8SC04482A,AD3
1287,1287,C[C@@H]1NC(=O)c2ccccc2c3cc(Cl)ccc13,15.6,0.8,0.2,10.1021/acs.orglett.0c02282,AD3
1288,1288,C[C@H]1NC(=O)c2ccccc2c3cc(Cl)ccc13,9.2,0.8,0.2,10.1021/acs.orglett.0c02282,AD3
1314,1314,C[C@@H](O)c1ccc(cc1)c2ccccc2,10.4,0.5,0.01,10.1021/acscatal.0c04206,AD3
1315,1315,C[C@H](O)c1ccc(cc1)c2ccccc2,9.3,0.5,0.01,10.1021/acscatal.0c04206,AD3
1316,1316,C[C@@H]1NC(=O)c2ccccc2c3cc(F)ccc13,16.4,0.8,0.2,10.1021/acs.orglett.0c02282,AD3
1317,1317,C[C@H]1NC(=O)c2ccccc2c3cc(F)ccc13,9.3,0.8,0.2,10.1021/acs.orglett.0c02282,AD3
1358,1358,CC[C@H](Oc1ccc(C)cc1)C(O)=O,8.5,1.0,0.03,10.1038/s41467/020/17057/z,AD3
1359,1359,CC[C@@H](Oc1ccc(C)cc1)C(O)=O,9.4,1.0,0.03,10.1038/s41467/020/17057/z,AD3
1360,1360,C[C@@]1(CCC(=O)C=C1)c2ccc(Br)cc2,8.6,1.0,0.03,10.1021/jacs.9b07957,AD3
1361,1361,C[C@]1(CCC(=O)C=C1)c2ccc(Br)cc2,9.4,1.0,0.03,10.1021/jacs.9b07957,AD3
1560,1560,OC(=O)[C@H]1COc2ccccc2C1,11.2,1.0,0.03,10.31635/ccschem.020.202000176,AD3
1561,1561,OC(=O)[C@@H]1COc2ccccc2C1,10.1,1.0,0.03,10.31635/ccschem.020.202000176,AD3
1656,1656,CC[C@@H](C#Cc1ncccn1)c2ccccc2,8.09,1.0,0.1,10.1038/s41557/019/0346/2,AD3
1657,1657,CC[C@H](C#Cc1ncccn1)c2ccccc2,10.38,1.0,0.1,10.1038/s41557/019/0346/2,AD3
1662,1662,Fc1cccc(c1)[C@@H]2NCCc3ccccc23,11.3,1.0,0.3,10.1039/C8CC03586E,AD3
1663,1663,Fc1cccc(c1)[C@H]2NCCc3ccccc23,10.4,1.0,0.3,10.1039/C8CC03586E,AD3
1710,1710,COc1cccc(c1)[C@@]2(C)CCC(=O)C=C2,8.9,1.0,0.03,10.1021/jacs.9b07957,AD3
1711,1711,COc1cccc(c1)[C@]2(C)CCC(=O)C=C2,10.5,1.0,0.03,10.1021/jacs.9b07957,AD3
1793,1793,C[C@H](C(O)=O)c1cccc(C)c1,12.17,0.8,0.03,10.1021/acs.orglett.2c00852,AD3
1794,1794,C[C@@H](C(O)=O)c1cccc(C)c1,10.75,0.8,0.03,10.1021/acs.orglett.2c00852,AD3
1795,1795,CN(C)C(=O)[C@H](N)c1ccc(cc1)C(F)(F)F,9.23,1.0,0.1,10.1002/anie.202202552,AD3
1796,1796,CN(C)C(=O)[C@@H](N)c1ccc(cc1)C(F)(F)F,10.76,1.0,0.1,10.1002/anie.202202552,AD3
1802,1802,CN(C)C(=O)[C@H](N)Cc1ccccc1Cl,5.64,1.0,0.15,10.1002/anie.202202552,AD3
1803,1803,CN(C)C(=O)[C@@H](N)Cc1ccccc1Cl,10.78,1.0,0.15,10.1002/anie.202202552,AD3
1818,1818,C[C@@H]1NC(=O)c2ccccc2c3ccc(Cl)cc13,16.8,0.8,0.2,10.1021/acs.orglett.0c02282,AD3
1819,1819,C[C@H]1NC(=O)c2ccccc2c3ccc(Cl)cc13,10.8,0.8,0.2,10.1021/acs.orglett.0c02282,AD3
1856,1856,O[C@@H]1CCCC(=C1Br)c2ccc(F)cc2,12.2,1.0,0.05,10.1021/acs.orglett.1c01744,AD3
1857,1857,O[C@H]1CCCC(=C1Br)c2ccc(F)cc2,10.9,1.0,0.05,10.1021/acs.orglett.1c01744,AD3
1870,1870,CN(C)C(=O)[C@H](NC(=S)Nc1cc(cc(c1)C(F)(F)F)C(F)(F)F)c2ccccc2,7.84,1.0,0.1,10.1002/anie.202202552,AD3
1871,1871,CN(C)C(=O)[C@@H](NC(=S)Nc1cc(cc(c1)C(F)(F)F)C(F)(F)F)c2ccccc2,10.95,1.0,0.1,10.1002/anie.202202552,AD3
1932,1932,C[C@@]1(CCC(=O)C=C1)c2ccc3ccccc3c2,8.6,1.0,0.03,10.1021/jacs.9b07957,AD3
1933,1933,C[C@]1(CCC(=O)C=C1)c2ccc3ccccc3c2,11.1,1.0,0.03,10.1021/jacs.9b07957,AD3
1934,1934,CC(C)[C@H](C(O)=O)c1ccc(F)cc1,12.2,0.8,0.02,10.1002/anie.202016705,AD3
1935,1935,CC(C)[C@@H](C(O)=O)c1ccc(F)cc1,11.1,0.8,0.02,10.1002/anie.202016705,AD3
1987,1987,C[C@H](C(O)=O)c1cccc(F)c1,14.18,0.8,0.03,10.1021/acs.orglett.2c00852,AD3
1988,1988,C[C@@H](C(O)=O)c1cccc(F)c1,11.27,0.8,0.03,10.1021/acs.orglett.2c00852,AD3
2044,2044,C[C@@H]1NC(=O)c2ccc(C)cc2c3ccccc13,17.5,0.8,0.2,10.1021/acs.orglett.0c02282,AD3
2045,2045,C[C@H]1NC(=O)c2ccc(C)cc2c3ccccc13,11.4,0.8,0.2,10.1021/acs.orglett.0c02282,AD3
2066,2066,C[C@@H]1NC(=O)c2cc(Cl)ccc2c3ccccc13,18.4,0.8,0.2,10.1021/acs.orglett.0c02282,AD3
2067,2067,C[C@H]1NC(=O)c2cc(Cl)ccc2c3ccccc13,11.5,0.8,0.2,10.1021/acs.orglett.0c02282,AD3
2078,2078,CN(C)C(=O)[C@H](N)c1cccc2ccccc12,7.73,1.0,0.15,10.1002/anie.202202552,AD3
2079,2079,CN(C)C(=O)[C@@H](N)c1cccc2ccccc12,11.52,1.0,0.15,10.1002/anie.202202552,AD3
2089,2089,Fc1cccc(c1)[C@H]2CCC(=O)N2,12.6,0.8,0.1,10.1021/acs.orglett.0c00669,AD3
2090,2090,Fc1cccc(c1)[C@@H]2CCC(=O)N2,11.6,0.8,0.1,10.1021/acs.orglett.0c00669,AD3
2091,2091,C[C@@H]1NC(=O)c2c(C)cccc2c3ccccc13,15.2,0.8,0.2,10.1021/acs.orglett.0c02282,AD3
2092,2092,C[C@H]1NC(=O)c2c(C)cccc2c3ccccc13,11.6,0.8,0.2,10.1021/acs.orglett.0c02282,AD3
2104,2104,O=C1OCC[C@H]1Cc2ccccc2,13.176,1.0,0.05,10.1039/D0CC06311H,AD3
2105,2105,O=C1OCC[C@@H]1Cc2ccccc2,11.621,1.0,0.05,10.1039/D0CC06311H,AD3
2133,2133,Fc1ccc(cc1)[C@@H]2NCCc3ccccc23,11.0,0.8,0.3,10.1039/C8CC03586E,AD3
2134,2134,Fc1ccc(cc1)[C@H]2NCCc3ccccc23,11.7,0.8,0.3,10.1039/C8CC03586E,AD3
2135,2135,C[C@@H]1NC(=O)c2ccc(F)cc2c3ccccc13,13.8,0.8,0.2,10.1021/acs.orglett.0c02282,AD3
2136,2136,C[C@H]1NC(=O)c2ccc(F)cc2c3ccccc13,11.7,0.8,0.2,10.1021/acs.orglett.0c02282,AD3
2137,2137,C[C@@H]1NC(=O)c2cc(F)ccc2c3ccccc13,22.1,0.8,0.2,10.1021/acs.orglett.0c02282,AD3
2138,2138,C[C@H]1NC(=O)c2cc(F)ccc2c3ccccc13,11.7,0.8,0.2,10.1021/acs.orglett.0c02282,AD3
2165,2165,CC(C)(C)C#C[C@@H](CCc1ccccc1)C#CCn2c3ccccc3c4ccccc24,14.11,0.4,0.03,10.1038/s41557/019/0346/2,AD3
2166,2166,CC(C)(C)C#C[C@H](CCc1ccccc1)C#CCn2c3ccccc3c4ccccc24,11.79,0.4,0.03,10.1038/s41557/019/0346/2,AD3
2212,2212,COc1ccc2c(c1)C(=O)N[C@@H](C)c3ccccc23,20.6,0.8,0.2,10.1021/acs.orglett.0c02282,AD3
2213,2213,COc1ccc2c(c1)C(=O)N[C@H](C)c3ccccc23,11.9,0.8,0.2,10.1021/acs.orglett.0c02282,AD3
2216,2216,CC1(C)CN(C(=O)Nc2ccc(Br)cc2)[C@@](CC(F)(F)F)(C1)c3ccccc3,21.5,0.6,0.15,10.1021/jacs.6b04077,AD3
2217,2217,CC1(C)CN(C(=O)Nc2ccc(Br)cc2)[C@](CC(F)(F)F)(C1)c3ccccc3,11.91,0.6,0.15,10.1021/jacs.6b04077,AD3
2244,2244,CC1(C)CN(C(=O)Nc2ccc(Br)cc2)[C@@](CC(F)(F)F)(C1)c3ccccc3,21.33,0.6,0.15,10.1038/ncomms14841,AD3
2245,2245,CC1(C)CN(C(=O)Nc2ccc(Br)cc2)[C@](CC(F)(F)F)(C1)c3ccccc3,12.01,0.6,0.15,10.1038/ncomms14841,AD3
2265,2265,O[C@@H]1CCCC(=C1Br)c2ccc3ccccc3c2,15.4,1.0,0.05,10.1021/acs.orglett.1c01744,AD3
2266,2266,O[C@H]1CCCC(=C1Br)c2ccc3ccccc3c2,12.1,1.0,0.05,10.1021/acs.orglett.1c01744,AD3
2291,2291,C[C@H](C(O)=O)c1ccc(F)cc1,13.79,0.8,0.03,10.1021/acs.orglett.2c00852,AD3
2292,2292,C[C@@H](C(O)=O)c1ccc(F)cc1,12.18,0.8,0.03,10.1021/acs.orglett.2c00852,AD3
2303,2303,COc1ccc2CC[C@H](C)Nc2c1,13.5,0.5,0.05,10.1039/C8CC03586E,AD3
2304,2304,COc1ccc2CC[C@@H](C)Nc2c1,12.2,0.5,0.05,10.1039/C8CC03586E,AD3
2326,2326,COc1cccc(NC(=O)N2CC(C)(C)C[C@@]2(CC(F)(F)F)c3ccccc3)c1,17.43,0.5,0.15,10.1021/jacs.6b04077,AD3
2327,2327,COc1cccc(NC(=O)N2CC(C)(C)C[C@]2(CC(F)(F)F)c3ccccc3)c1,12.28,0.5,0.15,10.1021/jacs.6b04077,AD3
2330,2330,FC(F)(F)c1cc(NC(=O)N2CC3(CCCC3)C[C@@]2(CN4CCCCC4)c5ccccc5)cc(c1)C(F)(F)F,13.24,0.3,0.1,10.1016/j.chempr.2017.10.008,AD3
2331,2331,FC(F)(F)c1cc(NC(=O)N2CC3(CCCC3)C[C@]2(CN4CCCCC4)c5ccccc5)cc(c1)C(F)(F)F,12.29,0.3,0.1,10.1016/j.chempr.2017.10.008,AD3
2341,2341,C[C@@H]1NC(=O)c2cc(C)ccc2c3ccccc13,16.2,0.8,0.2,10.1021/acs.orglett.0c02282,AD3
2342,2342,C[C@H]1NC(=O)c2cc(C)ccc2c3ccccc13,12.3,0.8,0.2,10.1021/acs.orglett.0c02282,AD3
2513,2513,Clc1ccc(cc1)[C@@H]2NCCc3ccccc23,10.3,0.8,0.3,10.1039/C8CC03586E,AD3
2514,2514,Clc1ccc(cc1)[C@H]2NCCc3ccccc23,12.9,0.8,0.3,10.1039/C8CC03586E,AD3
2515,2515,COc1ccc2c(c1)[C@H](C)NC(=O)c3ccccc23,14.3,0.8,0.2,10.1021/acs.orglett.0c02282,AD3
2516,2516,COc1ccc2c(c1)[C@@H](C)NC(=O)c3ccccc23,12.9,0.8,0.2,10.1021/acs.orglett.0c02282,AD3
2537,2537,COC(=O)[C@H](N)Cc1ccccc1,9.36,1.0,0.1,10.1002/anie.202202552,AD3
2538,2538,COC(=O)[C@@H](N)Cc1ccccc1,13.0,1.0,0.1,10.1002/anie.202202552,AD3
2567,2567,CC1(C)CN(C(=O)Nc2cc(cc(c2)C(F)(F)F)C(F)(F)F)[C@@](CN3CCOCC3)(C1)c4ccc5ccccc5c4,14.75,0.5,0.05,10.1016/j.chempr.2017.10.008,AD3
2568,2568,CC1(C)CN(C(=O)Nc2cc(cc(c2)C(F)(F)F)C(F)(F)F)[C@](CN3CCOCC3)(C1)c4ccc5ccccc5c4,13.12,0.5,0.05,10.1016/j.chempr.2017.10.008,AD3
2576,2576,CC1(C)COC(OC1)c2cccc(c2)[C@]3(CN4CCOCC4)CC(C)(C)CN3C(=O)Nc5cc(cc(c5)C(F)(F)F)C(F)(F)F,14.88,0.5,0.05,10.1016/j.chempr.2017.10.008,AD3
2577,2577,CC1(C)COC(OC1)c2cccc(c2)[C@@]3(CN4CCOCC4)CC(C)(C)CN3C(=O)Nc5cc(cc(c5)C(F)(F)F)C(F)(F)F,13.17,0.5,0.05,10.1016/j.chempr.2017.10.008,AD3
2594,2594,N[C@@H](C(=O)Nc1ccccc1)c2ccccc2,16.15,1.0,0.1,10.1002/anie.202202552,AD3
2595,2595,N[C@H](C(=O)Nc1ccccc1)c2ccccc2,13.23,1.0,0.1,10.1002/anie.202202552,AD3
2613,2613,Cc1ccc(cc1)[C@@H]2NCCc3ccccc23,9.1,0.8,0.3,10.1039/C8CC03586E,AD3
2614,2614,Cc1ccc(cc1)[C@H]2NCCc3ccccc23,13.3,0.8,0.3,10.1039/C8CC03586E,AD3
2615,2615,CC(C)(C)OC(=O)N1CCC[C@H](C1)C(O)=O,13.9,1.0,0.03,10.31635/ccschem.020.202000176,AD3
2616,2616,CC(C)(C)OC(=O)N1CCC[C@@H](C1)C(O)=O,13.3,1.0,0.03,10.31635/ccschem.020.202000176,AD3
2627,2627,CC(C)(C)C#C[C@H](CCC(C)(C)NC(=O)c1ccccc1)C#Cc2ccccc2,13.63,0.8,0.02,10.1038/s41467/019/13705/1,AD3
2628,2628,CC(C)(C)C#C[C@@H](CCC(C)(C)NC(=O)c1ccccc1)C#Cc2ccccc2,13.31,0.8,0.02,10.1038/s41467/019/13705/1,AD3
2681,2681,CC1=C(Br)[C@H](O)CC1,11.4,1.0,0.02,10.1021/acs.orglett.1c01744,AD3
2682,2682,CC1=C(Br)[C@@H](O)CC1,13.5,1.0,0.02,10.1021/acs.orglett.1c01744,AD3
2687,2687,CC1(C)CN(C(=O)Nc2ccc(F)cc2)[C@@](CC(F)(F)F)(C1)c3ccccc3,27.39,0.5,0.15,10.1021/jacs.6b04077,AD3
2688,2688,CC1(C)CN(C(=O)Nc2ccc(F)cc2)[C@](CC(F)(F)F)(C1)c3ccccc3,13.51,0.5,0.15,10.1021/jacs.6b04077,AD3
2718,2718,C1Cc2ccccc2[C@@H](N1)c3ccccc3,11.2,0.8,0.3,10.1039/C8CC03586E,AD3
2719,2719,C1Cc2ccccc2[C@H](N1)c3ccccc3,13.6,0.8,0.3,10.1039/C8CC03586E,AD3
2739,2739,C[C@H](C(O)=O)c1ccc(C)cc1,15.49,0.8,0.03,10.1021/acs.orglett.2c00852,AD3
2740,2740,C[C@@H](C(O)=O)c1ccc(C)cc1,13.69,0.8,0.03,10.1021/acs.orglett.2c00852,AD3
2755,2755,C[C@@H](C(O)=O)c1ccccc1,12.3,0.8,0.03,10.1038/s41467/020/17057/z,AD3
2756,2756,C[C@H](C(O)=O)c1ccccc1,13.7,0.8,0.03,10.1038/s41467/020/17057/z,AD3
2806,2806,C[Si](C)(C)[Si](C[C@]1(CC2(CCCCCC2)CN1C(=O)Nc3cccc(F)c3)c4ccccc4)([Si](C)(C)C)[Si](C)(C)C,10.44,0.5,0.01,10.1007/s11426/019/9528/2,AD3
2807,2807,C[Si](C)(C)[Si](C[C@@]1(CC2(CCCCCC2)CN1C(=O)Nc3cccc(F)c3)c4ccccc4)([Si](C)(C)C)[Si](C)(C)C,13.86,0.5,0.01,10.1007/s11426/019/9528/2,AD3
2879,2879,C[Si](C)(C)[Si](C[C@]1(CC2(CCCCCC2)CN1C(=O)Nc3cccc(Cl)c3)c4ccccc4)([Si](C)(C)C)[Si](C)(C)C,9.86,0.7,0.02,10.1007/s11426/019/9528/2,AD3
2880,2880,C[Si](C)(C)[Si](C[C@@]1(CC2(CCCCCC2)CN1C(=O)Nc3cccc(Cl)c3)c4ccccc4)([Si](C)(C)C)[Si](C)(C)C,14.14,0.7,0.02,10.1007/s11426/019/9528/2,AD3
2913,2913,COc1cccc(c1)[C@]2(CC(F)(F)F)CC(C)(C)CN2C(=O)Nc3cccc(c3)C(F)(F)F,10.61,0.5,0.1,10.1021/jacs.6b04077,AD3
2914,2914,COc1cccc(c1)[C@@]2(CC(F)(F)F)CC(C)(C)CN2C(=O)Nc3cccc(c3)C(F)(F)F,14.25,0.5,0.1,10.1021/jacs.6b04077,AD3
2952,2952,C[C@@H](C(O)=O)c1ccc(C)cc1,12.7,0.8,0.03,10.1038/s41467/020/17057/z,AD3
2953,2953,C[C@H](C(O)=O)c1ccc(C)cc1,14.4,0.8,0.03,10.1038/s41467/020/17057/z,AD3
2954,2954,O=C1CC[C@@H](N1)c2ccc3ccccc3c2,15.6,0.8,0.1,10.1021/acs.orglett.0c00669,AD3
2955,2955,O=C1CC[C@H](N1)c2ccc3ccccc3c2,14.4,0.8,0.1,10.1021/acs.orglett.0c00669,AD3
2956,2956,CCOC(OCC)[C@@H](N)c1ccc(F)cc1,16.3,0.8,0.05,10.1039/D1CC06601C,AD3
2957,2957,CCOC(OCC)[C@H](N)c1ccc(F)cc1,14.4,0.8,0.05,10.1039/D1CC06601C,AD3
2985,2985,COc1ccc(C[C@H](C(C)C)C(O)=O)cc1,12.8,1.0,0.03,10.31635/ccschem.020.202000176,AD3
2986,2986,COc1ccc(C[C@@H](C(C)C)C(O)=O)cc1,14.5,1.0,0.03,10.31635/ccschem.020.202000176,AD3
3009,3009,CCOC(=O)c1cccc(c1)[C@]2(CN3CCOCC3)CC(C)(C)CN2C(=O)Nc4cc(cc(c4)C(F)(F)F)C(F)(F)F,15.96,0.5,0.05,10.1016/j.chempr.2017.10.008,AD3
3010,3010,CCOC(=O)c1cccc(c1)[C@@]2(CN3CCOCC3)CC(C)(C)CN2C(=O)Nc4cc(cc(c4)C(F)(F)F)C(F)(F)F,14.59,0.5,0.05,10.1016/j.chempr.2017.10.008,AD3
3029,3029,CC[C@@H]1NC(=O)c2ccccc2c3ccccc13,21.4,0.8,0.2,10.1021/acs.orglett.0c02282,AD3
3030,3030,CC[C@H]1NC(=O)c2ccccc2c3ccccc13,14.6,0.8,0.2,10.1021/acs.orglett.0c02282,AD3
3071,3071,CN(C)C(=O)[C@H](N)c1ccccc1,12.05,1.0,0.1,10.1002/anie.202202552,AD3
3072,3072,CN(C)C(=O)[C@@H](N)c1ccccc1,14.76,1.0,0.1,10.1002/anie.202202552,AD3
3089,3089,OC(=O)[C@H]1CCCC[C@H]1c2ccccc2,12.1,0.8,0.02,10.1002/anie.202016705,AD3
3090,3090,OC(=O)[C@@H]1CCCC[C@H]1c2ccccc2,14.8,0.8,0.02,10.1002/anie.202016705,AD3
3091,3091,CCOC(OCC)[C@@H](N)c1ccc(Br)cc1,16.7,0.8,0.05,10.1039/D1CC06601C,AD3
3092,3092,CCOC(OCC)[C@H](N)c1ccc(Br)cc1,14.8,0.8,0.05,10.1039/D1CC06601C,AD3
3123,3123,CCOC(OCC)[C@@H](N)c1ccc(cc1)C(=O)OC,12.0,0.8,0.1,10.1039/D1CC06601C,AD3
3124,3124,CCOC(OCC)[C@H](N)c1ccc(cc1)C(=O)OC,14.9,0.8,0.1,10.1039/D1CC06601C,AD3
3286,3286,CC1(C)CN(C(=O)Nc2cc(cc(c2)C(F)(F)F)C(F)(F)F)[C@](CCN3CCOCC3)(C1)c4cccc(\C=C\c5ccccc5)c4,19.34,0.5,0.05,10.1016/j.chempr.2017.10.008,AD3
3287,3287,CC1(C)CN(C(=O)Nc2cc(cc(c2)C(F)(F)F)C(F)(F)F)[C@@](CCN3CCOCC3)(C1)c4cccc(\C=C\c5ccccc5)c4,15.45,0.5,0.05,10.1016/j.chempr.2017.10.008,AD3
3358,3358,Fc1ccc2CCN[C@@H](c3ccccc3)c2c1,15.1,1.0,0.2,10.1039/C8CC03586E,AD3
3359,3359,Fc1ccc2CCN[C@H](c3ccccc3)c2c1,15.7,1.0,0.2,10.1039/C8CC03586E,AD3
3360,3360,C[C@@H](Cc1ccc(Br)cc1)C(O)=O,18.3,9.0,0.03,10.1002/anie.202016705,AD3
3361,3361,C[C@H](Cc1ccc(Br)cc1)C(O)=O,15.7,9.0,0.03,10.1002/anie.202016705,AD3
3368,3368,CC[C@@H](C#CCC(C#N)(c1ccccc1)c2ccccc2)c3ccccc3,12.24,1.0,0.02,10.1038/s41557/019/0346/2,AD3
3369,3369,CC[C@H](C#CCC(C#N)(c1ccccc1)c2ccccc2)c3ccccc3,15.72,1.0,0.02,10.1038/s41557/019/0346/2,AD3
3374,3374,CC[C@@H](C#CCCN1C(=O)c2ccccc2C1=O)c3ccccc3,17.71,1.0,0.01,10.1038/s41557/019/0346/2,AD3
3375,3375,CC[C@H](C#CCCN1C(=O)c2ccccc2C1=O)c3ccccc3,15.77,1.0,0.01,10.1038/s41557/019/0346/2,AD3
3388,3388,C[C@@H](N[P](=O)(c1ccccc1)c2ccccc2)c3ccc4ccccc4c3,10.1,0.4,0.2,10.1039/D0QO01286F,AD3
3389,3389,C[C@H](N[P](=O)(c1ccccc1)c2ccccc2)c3ccc4ccccc4c3,15.8,0.4,0.2,10.1039/D0QO01286F,AD3
3390,3390,C[C@@H](N[P](=O)(c1ccccc1)c2ccccc2)c3cccc4ccccc34,10.1,0.4,0.2,10.1039/D0QO01286F,AD3
3391,3391,C[C@H](N[P](=O)(c1ccccc1)c2ccccc2)c3cccc4ccccc34,15.8,0.4,0.2,10.1039/D0QO01286F,AD3
3392,3392,CC(C)(C)OC(=O)N1CCC[C@H](C1)C(O)=O,16.6,0.8,0.03,10.1038/s41467/020/17057/z,AD3
3393,3393,CC(C)(C)OC(=O)N1CCC[C@@H](C1)C(O)=O,15.8,0.8,0.03,10.1038/s41467/020/17057/z,AD3
3427,3427,COc1ccccc1[C@@H](C)C(O)=O,18.8,0.8,0.03,10.1038/s41467/020/17057/z,AD3
3428,3428,COc1ccccc1[C@H](C)C(O)=O,15.9,0.8,0.03,10.1038/s41467/020/17057/z,AD3
3429,3429,Cc1cccc(c1)[C@]2(CC(F)(F)F)CC(C)(C)CN2C(=O)Nc3cccc(c3)C(F)(F)F,11.96,0.5,0.05,10.1021/jacs.6b04077,AD3
3430,3430,Cc1cccc(c1)[C@@]2(CC(F)(F)F)CC(C)(C)CN2C(=O)Nc3cccc(c3)C(F)(F)F,15.93,0.5,0.05,10.1021/jacs.6b04077,AD3
3457,3457,CN(C)C(=O)[C@H](N)c1ccc2ccccc2c1,10.98,1.0,0.15,10.1002/anie.202202552,AD3
3458,3458,CN(C)C(=O)[C@@H](N)c1ccc2ccccc2c1,16.07,1.0,0.15,10.1002/anie.202202552,AD3
3459,3459,COc1ccccc1[C@@H](N)C(=O)N(C)C,12.92,1.0,0.1,10.1002/anie.202202552,AD3
3460,3460,COc1ccccc1[C@H](N)C(=O)N(C)C,16.09,1.0,0.1,10.1002/anie.202202552,AD3
3465,3465,CCC1=C(Br)[C@H](O)CCC1,12.9,1.0,0.01,10.1021/acs.orglett.1c01744,AD3
3466,3466,CCC1=C(Br)[C@@H](O)CCC1,16.1,1.0,0.01,10.1021/acs.orglett.1c01744,AD3
3479,3479,COc1cccc(c1)[C@@H](N)C(=O)N(C)C,11.56,1.0,0.15,10.1002/anie.202202552,AD3
3480,3480,COc1cccc(c1)[C@H](N)C(=O)N(C)C,16.17,1.0,0.15,10.1002/anie.202202552,AD3
3481,3481,C[C@@H](\C=C/c1ccccc1)c2ccccc2C(=O)NC(C)(C)C,18.13,0.8,0.02,10.1038/s41467/019/13705/1,AD3
3482,3482,C[C@H](\C=C/c1ccccc1)c2ccccc2C(=O)NC(C)(C)C,16.19,0.8,0.02,10.1038/s41467/019/13705/1,AD3
3487,3487,COc1ccc(cc1OC)[C@@]2(C)CCC(=O)C=C2,12.1,1.0,0.07,10.1021/jacs.9b07957,AD3
3488,3488,COc1ccc(cc1OC)[C@]2(C)CCC(=O)C=C2,16.2,1.0,0.07,10.1021/jacs.9b07957,AD3
3489,3489,Cc1cccc(c1)[C@H]2CCCC(=O)N2,17.7,0.8,0.1,10.1021/acs.orglett.0c00669,AD3
3490,3490,Cc1cccc(c1)[C@@H]2CCCC(=O)N2,16.2,0.8,0.1,10.1021/acs.orglett.0c00669,AD3
3491,3491,CCOC(OCC)[C@@H](N)c1cccc(OC)c1,20.2,0.8,0.05,10.1039/D1CC06601C,AD3
3492,3492,CCOC(OCC)[C@H](N)c1cccc(OC)c1,16.2,0.8,0.05,10.1039/D1CC06601C,AD3
3517,3517,COC(=O)c1ccc(cc1)[C@@H](N)C(=O)N(C)C,10.21,1.0,0.15,10.1002/anie.202202552,AD3
3518,3518,COC(=O)c1ccc(cc1)[C@H](N)C(=O)N(C)C,16.31,1.0,0.15,10.1002/anie.202202552,AD3
3531,3531,Cc1cccc(c1)[C@@]2(CCCN2C(=O)Nc3cccc(c3)C(F)(F)F)CN4CCOCC4,19.22,1.0,0.05,10.1016/j.chempr.2017.10.008,AD3
3532,3532,Cc1cccc(c1)[C@]2(CCCN2C(=O)Nc3cccc(c3)C(F)(F)F)CN4CCOCC4,16.38,1.0,0.05,10.1016/j.chempr.2017.10.008,AD3
3572,3572,COC(=O)C(F)(F)C[C@]1(CC(C)(C)CN1C(=O)Nc2cccc(Br)c2)c3ccccc3C,25.7,0.6,0.05,10.1038/ncomms14841,AD3
3573,3573,COC(=O)C(F)(F)C[C@@]1(CC(C)(C)CN1C(=O)Nc2cccc(Br)c2)c3ccccc3C,16.58,0.6,0.05,10.1038/ncomms14841,AD3
3592,3592,COc1cccc(c1)[C@H](C)C(O)=O,20.56,0.8,0.03,10.1021/acs.orglett.2c00852,AD3
3593,3593,COc1cccc(c1)[C@@H](C)C(O)=O,16.66,0.8,0.03,10.1021/acs.orglett.2c00852,AD3
3594,3594,Cc1ccc(cc1)C(=O)N[C@@H](c2ccccc2CCCC(F)(F)F)c3cn(Cc4ccccc4)c5c(C)cccc35,19.04,1.0,0.15,10.1016/j.jfluchem.2017.03.008,AD3
3595,3595,Cc1ccc(cc1)C(=O)N[C@H](c2ccccc2CCCC(F)(F)F)c3cn(Cc4ccccc4)c5c(C)cccc35,16.68,1.0,0.15,10.1016/j.jfluchem.2017.03.008,AD3
3603,3603,C[C@@H]1NC(=O)c2ccccc2c3ccc(cc13)C#N,26.7,0.8,0.2,10.1021/acs.orglett.0c02282,AD3
3604,3604,C[C@H]1NC(=O)c2ccccc2c3ccc(cc13)C#N,16.7,0.8,0.2,10.1021/acs.orglett.0c02282,AD3
3609,3609,CN(C)C(=O)[C@H](N)c1ccc(OCc2ccccc2)cc1,9.91,1.0,0.2,10.1002/anie.202202552,AD3
3610,3610,CN(C)C(=O)[C@@H](N)c1ccc(OCc2ccccc2)cc1,16.72,1.0,0.2,10.1002/anie.202202552,AD3
3611,3611,CC(C)[Si](C#C[C@@H](CCc1ccccc1)C#CCn2c3ccccc3c4ccccc24)(C(C)C)C(C)C,17.38,0.3,0.01,10.1038/s41557/019/0346/2,AD3
3612,3612,CC(C)[Si](C#C[C@H](CCc1ccccc1)C#CCn2c3ccccc3c4ccccc24)(C(C)C)C(C)C,16.73,0.3,0.01,10.1038/s41557/019/0346/2,AD3
3776,3776,FC(F)(F)c1cc(NC(=O)N2CC3(CCC3)C[C@@]2(CC(F)(F)C(F)(F)C(F)(F)C(F)(F)F)c4ccccc4)cc(c1)C(F)(F)F,13.42,0.3,0.03,10.1038/ncomms14841,AD3
3777,3777,FC(F)(F)c1cc(NC(=O)N2CC3(CCC3)C[C@]2(CC(F)(F)C(F)(F)C(F)(F)C(F)(F)F)c4ccccc4)cc(c1)C(F)(F)F,17.47,0.3,0.03,10.1038/ncomms14841,AD3
3786,3786,Cc1cccc(NC(=O)N2CC3(CCCCCC3)C[C@@]2(C[Si]([Si](C)(C)C)([Si](C)(C)C)[Si](C)(C)C)c4ccccc4)c1,12.05,0.7,0.02,10.1007/s11426/019/9528/2,AD3
3787,3787,Cc1cccc(NC(=O)N2CC3(CCCCCC3)C[C@]2(C[Si]([Si](C)(C)C)([Si](C)(C)C)[Si](C)(C)C)c4ccccc4)c1,17.5,0.7,0.02,10.1007/s11426/019/9528/2,AD3
3852,3852,COc1ccc2C(=O)N[C@H](C)c2c1,21.4,0.8,0.1,10.1021/acs.orglett.0c00669,AD3
3853,3853,COc1ccc2C(=O)N[C@@H](C)c2c1,17.8,0.8,0.1,10.1021/acs.orglett.0c00669,AD3
3878,3878,C[S](=O)(=O)N1CCN(CC1)C[C@]2(CC3(CCCC3)CN2C(=O)Nc4cc(cc(c4)C(F)(F)F)C(F)(F)F)c5ccccc5,26.09,1.0,0.05,10.1016/j.chempr.2017.10.008,AD3
3879,3879,C[S](=O)(=O)N1CCN(CC1)C[C@@]2(CC3(CCCC3)CN2C(=O)Nc4cc(cc(c4)C(F)(F)F)C(F)(F)F)c5ccccc5,17.92,1.0,0.05,10.1016/j.chempr.2017.10.008,AD3
3880,3880,CC1(C)CN(C(=O)Nc2cccc(c2)C(F)(F)F)[C@@](CC(F)(F)F)(C1)c3ccccc3,14.01,0.6,0.05,10.1038/ncomms14841,AD3
3881,3881,CC1(C)CN(C(=O)Nc2cccc(c2)C(F)(F)F)[C@](CC(F)(F)F)(C1)c3ccccc3,17.94,0.6,0.05,10.1038/ncomms14841,AD3
3919,3919,COC(=O)C(F)(F)C[C@]1(CC2(CC2)CN1C(=O)Nc3cc(cc(c3)C(F)(F)F)C(F)(F)F)c4ccccc4,21.65,0.3,0.03,10.1038/ncomms14841,AD3
3920,3920,COC(=O)C(F)(F)C[C@@]1(CC2(CC2)CN1C(=O)Nc3cc(cc(c3)C(F)(F)F)C(F)(F)F)c4ccccc4,18.27,0.3,0.03,10.1038/ncomms14841,AD3
3934,3934,CC1(C)CN(C(=O)Nc2cccc(c2)C(F)(F)F)[C@@](CC(F)(F)F)(C1)c3ccccc3,14.55,0.6,0.05,10.1021/jacs.6b04077,AD3
3935,3935,CC1(C)CN(C(=O)Nc2cccc(c2)C(F)(F)F)[C@](CC(F)(F)F)(C1)c3ccccc3,18.37,0.6,0.05,10.1021/jacs.6b04077,AD3
3981,3981,CC1(C)CN(C(=O)Nc2cccc(c2)C(F)(F)F)[C@@](CN3CCOCC3)(C1)c4cccc(F)c4,20.03,0.6,0.1,10.1016/j.chempr.2017.10.008,AD3
3982,3982,CC1(C)CN(C(=O)Nc2cccc(c2)C(F)(F)F)[C@](CN3CCOCC3)(C1)c4cccc(F)c4,18.6,0.6,0.1,10.1016/j.chempr.2017.10.008,AD3
4031,4031,CC[Si](CC)(CC)C#C[C@@H](CCc1ccccc1)C#CCn2c3ccccc3c4ccccc24,21.28,0.3,0.01,10.1038/s41557/019/0346/2,AD3
4032,4032,CC[Si](CC)(CC)C#C[C@H](CCc1ccccc1)C#CCn2c3ccccc3c4ccccc24,18.78,0.3,0.01,10.1038/s41557/019/0346/2,AD3
4033,4033,COC(=O)C(F)(F)C[C@]1(CC(C)(C)CN1C(=O)Nc2cccc(OC)c2)c3ccccc3,26.75,0.6,0.1,10.1038/ncomms14841,AD3
4034,4034,COC(=O)C(F)(F)C[C@@]1(CC(C)(C)CN1C(=O)Nc2cccc(OC)c2)c3ccccc3,18.79,0.6,0.1,10.1038/ncomms14841,AD3
4074,4074,COC(=O)C(F)(F)C[C@]1(CC(C)(C)CN1C(=O)Nc2cc(cc(c2)C(F)(F)F)C(F)(F)F)c3ccccc3,20.82,0.2,0.05,10.1038/ncomms14841,AD3
4075,4075,COC(=O)C(F)(F)C[C@@]1(CC(C)(C)CN1C(=O)Nc2cc(cc(c2)C(F)(F)F)C(F)(F)F)c3ccccc3,19.01,0.2,0.05,10.1038/ncomms14841,AD3
4078,4078,Cc1cccc(c1)[C@]2(CN3CCOCC3)CC(C)(C)CN2C(=O)Nc4cccc(Br)c4,25.1,0.6,0.1,10.1016/j.chempr.2017.10.008,AD3
4079,4079,Cc1cccc(c1)[C@@]2(CN3CCOCC3)CC(C)(C)CN2C(=O)Nc4cccc(Br)c4,19.02,0.6,0.1,10.1016/j.chempr.2017.10.008,AD3
4140,4140,COc1ccc(cc1)[C@H](C)C(O)=O,21.54,0.8,0.03,10.1021/acs.orglett.2c00852,AD3
4141,4141,COc1ccc(cc1)[C@@H](C)C(O)=O,19.36,0.8,0.03,10.1021/acs.orglett.2c00852,AD3
4182,4182,COc1ccc(cc1)[C@@H]2CCCC[C@@H]2C(O)=O,17.5,1.0,0.03,10.31635/ccschem.020.202000176,AD3
4199,4199,CC[C@@H](C#Cc1oc2ccccc2n1)c3ccccc3,29.06,0.5,0.01,10.1038/s41557/019/0346/2,AD3
4200,4200,CC[C@H](C#Cc1oc2ccccc2n1)c3ccccc3,19.7,0.5,0.01,10.1038/s41557/019/0346/2,AD3
4218,4218,FC(F)(F)c1cccc(NC(=O)N2CC3(CC3)C[C@@]2(CN4CCOCC4)c5ccccc5)c1,24.79,0.6,0.1,10.1016/j.chempr.2017.10.008,AD3
4219,4219,FC(F)(F)c1cccc(NC(=O)N2CC3(CC3)C[C@]2(CN4CCOCC4)c5ccccc5)c1,19.75,0.6,0.1,10.1016/j.chempr.2017.10.008,AD3
4240,4240,CC1(C)CN(C(=O)Nc2cc(cc(c2)C(F)(F)F)C(F)(F)F)[C@@](CN3CCOCC3)(C1)\C=C\c4ccccc4,22.89,0.4,0.02,10.1016/j.chempr.2017.10.008,AD3
4241,4241,CC1(C)CN(C(=O)Nc2cc(cc(c2)C(F)(F)F)C(F)(F)F)[C@](CN3CCOCC3)(C1)\C=C\c4ccccc4,19.88,0.4,0.02,10.1016/j.chempr.2017.10.008,AD3
4274,4274,FC(F)(F)c1cc(NC(=O)N2CC3(CCCCCC3)C[C@@]2(CC(F)(F)C(F)(F)C(F)(F)C(F)(F)F)c4ccccc4)cc(c1)C(F)(F)F,16.45,0.2,0.05,10.1038/ncomms14841,AD3
4275,4275,FC(F)(F)c1cc(NC(=O)N2CC3(CCCCCC3)C[C@]2(CC(F)(F)C(F)(F)C(F)(F)C(F)(F)F)c4ccccc4)cc(c1)C(F)(F)F,19.99,0.2,0.05,10.1038/ncomms14841,AD3
4284,4284,Cc1ccc(cc1)[C@@H]2CCCC[C@@H]2C(O)=O,15.4,0.8,0.02,10.1002/anie.202016705,AD3
4325,4325,COc1cccc(c1)[C@@H](C)C(O)=O,16.6,0.8,0.03,10.1038/s41467/020/17057/z,AD3
4326,4326,COc1cccc(c1)[C@H](C)C(O)=O,20.3,0.8,0.03,10.1038/s41467/020/17057/z,AD3
4332,4332,COC(=O)C(F)(F)C[C@]1(CC(C)(C)CN1C(=O)Nc2cccc(Br)c2)c3ccccc3,21.38,0.5,0.1,10.1038/ncomms14841,AD3
4333,4333,COC(=O)C(F)(F)C[C@@]1(CC(C)(C)CN1C(=O)Nc2cccc(Br)c2)c3ccccc3,20.34,0.5,0.1,10.1038/ncomms14841,AD3
4368,4368,COc1ccccc1[C@H](C)C(O)=O,17.06,0.8,0.03,10.1021/acs.orglett.2c00852,AD3
4369,4369,COc1ccccc1[C@@H](C)C(O)=O,20.51,0.8,0.03,10.1021/acs.orglett.2c00852,AD3
4380,4380,Clc1cccc2[C@@H](NCCc12)c3ccccc3,13.3,1.0,0.2,10.1039/C8CC03586E,AD3
4381,4381,Clc1cccc2[C@H](NCCc12)c3ccccc3,20.6,1.0,0.2,10.1039/C8CC03586E,AD3
4390,4390,CC1(C)CN(C(=O)Nc2cccc(c2)C(F)(F)F)[C@@](CC(F)F)(C1)c3cccc(Br)c3,22.17,0.4,0.05,10.1038/ncomms14841,AD3
4391,4391,CC1(C)CN(C(=O)Nc2cccc(c2)C(F)(F)F)[C@](CC(F)F)(C1)c3cccc(Br)c3,20.66,0.4,0.05,10.1038/ncomms14841,AD3
4394,4394,COC(=O)C(F)(F)C[C@]1(CC(C)(C)CN1C(=O)Nc2ccc(F)cc2)c3ccccc3,29.3,0.6,0.1,10.1038/ncomms14841,AD3
4395,4395,COC(=O)C(F)(F)C[C@@]1(CC(C)(C)CN1C(=O)Nc2ccc(F)cc2)c3ccccc3,20.67,0.6,0.1,10.1038/ncomms14841,AD3
4408,4408,C[C@H](C(O)=O)c1ccccc1,23.34,0.6,0.03,10.1021/acs.orglett.2c00852,AD3
4409,4409,C[C@@H](C(O)=O)c1ccccc1,20.76,0.6,0.03,10.1021/acs.orglett.2c00852,AD3
4422,4422,CC(C)(C)OC(=O)N1CC[C@H]([C@H](C1)C(O)=O)c2ccccc2F,15.2,1.0,0.03,10.31635/ccschem.020.202000176,AD3
4423,4423,CC(C)(C)OC(=O)N1CC[C@@H]([C@H](C1)C(O)=O)c2ccccc2F,20.8,1.0,0.03,10.31635/ccschem.020.202000176,AD3
4428,4428,FC(F)(F)C[C@]1(CC2(CCCCCC2)CN1C(=O)Nc3cc(cc(c3)C(F)(F)F)C(F)(F)F)c4ccccc4,23.82,0.2,0.03,10.1021/jacs.6b04077,AD3
4429,4429,FC(F)(F)C[C@@]1(CC2(CCCCCC2)CN1C(=O)Nc3cc(cc(c3)C(F)(F)F)C(F)(F)F)c4ccccc4,20.81,0.2,0.03,10.1021/jacs.6b04077,AD3
4432,4432,FC(F)(F)c1cc(NC(=O)N2CC3(CCCC3)C[C@@]2(CC(F)(F)C(F)(F)C(F)(F)C(F)(F)F)c4ccccc4)cc(c1)C(F)(F)F,17.33,0.2,0.04,10.1038/ncomms14841,AD3
4433,4433,FC(F)(F)c1cc(NC(=O)N2CC3(CCCC3)C[C@]2(CC(F)(F)C(F)(F)C(F)(F)C(F)(F)F)c4ccccc4)cc(c1)C(F)(F)F,20.87,0.2,0.04,10.1038/ncomms14841,AD3
4468,4468,Cc1cccc(NC(=O)N2CC(C)(C)C[C@@]2(CC(F)(F)F)c3ccccc3)c1,34.72,0.5,0.05,10.1021/jacs.6b04077,AD3
4469,4469,Cc1cccc(NC(=O)N2CC(C)(C)C[C@]2(CC(F)(F)F)c3ccccc3)c1,21.01,0.5,0.05,10.1021/jacs.6b04077,AD3
4492,4492,COc1cccc(c1)[C@@H]2CCCC[C@@H]2C(O)=O,17.8,0.8,0.02,10.1002/anie.202016705,AD3
4500,4500,FC(F)(F)c1cccc(NC(=O)N2CC3(CCC3)C[C@@]2(CN4CCOCC4)c5ccccc5)c1,28.94,0.6,0.1,10.1016/j.chempr.2017.10.008,AD3
4501,4501,FC(F)(F)c1cccc(NC(=O)N2CC3(CCC3)C[C@]2(CN4CCOCC4)c5ccccc5)c1,21.15,0.6,0.1,10.1016/j.chempr.2017.10.008,AD3
4535,4535,COC1CCN(CC1)C[C@]2(CC3(CCCC3)CN2C(=O)Nc4cc(cc(c4)C(F)(F)F)C(F)(F)F)c5ccccc5,24.24,0.3,0.03,10.1016/j.chempr.2017.10.008,AD3
4536,4536,COC1CCN(CC1)C[C@@]2(CC3(CCCC3)CN2C(=O)Nc4cc(cc(c4)C(F)(F)F)C(F)(F)F)c5ccccc5,21.39,0.3,0.03,10.1016/j.chempr.2017.10.008,AD3
4554,4554,COc1ccc(cc1)[C@@H](C)C(O)=O,19.4,0.8,0.03,10.1038/s41467/020/17057/z,AD3
4555,4555,COc1ccc(cc1)[C@H](C)C(O)=O,21.5,0.8,0.03,10.1038/s41467/020/17057/z,AD3
4616,4616,O=C1N[C@H](c2ccccc2)c3ccccc13,13.0,0.8,0.1,10.1021/acs.orglett.0c00669,AD3
4617,4617,O=C1N[C@@H](c2ccccc2)c3ccccc13,21.9,0.8,0.1,10.1021/acs.orglett.0c00669,AD3
4618,4618,Cc1ccc(cc1)[C@@H]2CCN(C[C@@H]2C(O)=O)C(=O)OC(C)(C)C,18.9,1.0,0.03,10.31635/ccschem.020.202000176,AD3
4649,4649,COC(=O)C(F)(F)C[C@]1(CC(C)(C)CN1C(=O)Nc2cccc(c2)C(F)(F)F)c3cccc(Br)c3,24.22,0.45,0.05,10.1038/ncomms14841,AD3
4650,4650,COC(=O)C(F)(F)C[C@@]1(CC(C)(C)CN1C(=O)Nc2cccc(c2)C(F)(F)F)c3cccc(Br)c3,22.07,0.45,0.05,10.1038/ncomms14841,AD3
4736,4736,CC(C)(C)OC(=O)N1C[C@@H]([C@@H](C1)c2ccccc2)C(O)=O,17.6,1.0,0.03,10.31635/ccschem.020.202000176,AD3
4743,4743,C[Si](C)(C)[Si](C[C@]1(Cc2cc(Cl)ccc2N1C(=O)Nc3cc(cc(c3)C(F)(F)F)C(F)(F)F)c4ccccc4)([Si](C)(C)C)[Si](C)(C)C,25.02,0.15,0.01,10.1007/s11426/019/9528/2,AD3
4744,4744,C[Si](C)(C)[Si](C[C@@]1(Cc2cc(Cl)ccc2N1C(=O)Nc3cc(cc(c3)C(F)(F)F)C(F)(F)F)c4ccccc4)([Si](C)(C)C)[Si](C)(C)C,22.66,0.15,0.01,10.1007/s11426/019/9528/2,AD3
4747,4747,CC[C@H](Oc1ccc(OC)cc1)C(O)=O,20.5,0.8,0.03,10.1038/s41467/020/17057/z,AD3
4748,4748,CC[C@@H](Oc1ccc(OC)cc1)C(O)=O,22.7,0.8,0.03,10.1038/s41467/020/17057/z,AD3
4781,4781,Cc1ccc(cc1)[C@]2(CN3CCOCC3)CC(C)(C)CN2C(=O)Nc4cccc(Br)c4,27.64,0.6,0.1,10.1016/j.chempr.2017.10.008,AD3
4782,4782,Cc1ccc(cc1)[C@@]2(CN3CCOCC3)CC(C)(C)CN2C(=O)Nc4cccc(Br)c4,22.98,0.6,0.1,10.1016/j.chempr.2017.10.008,AD3
4817,4817,C[C@@H](Cc1ccccc1Br)C(O)=O,20.5,1.0,0.03,10.31635/ccschem.020.202000176,AD3
4818,4818,C[C@H](Cc1ccccc1Br)C(O)=O,23.2,1.0,0.03,10.31635/ccschem.020.202000176,AD3
4856,4856,C[Si](C)(C)[Si](C[C@]1(CC2(CCCCCC2)CN1C(=O)Nc3ccccc3)c4ccccc4)([Si](C)(C)C)[Si](C)(C)C,13.75,0.7,0.02,10.1007/s11426/019/9528/2,AD3
4857,4857,C[Si](C)(C)[Si](C[C@@]1(CC2(CCCCCC2)CN1C(=O)Nc3ccccc3)c4ccccc4)([Si](C)(C)C)[Si](C)(C)C,23.5,0.7,0.02,10.1007/s11426/019/9528/2,AD3
4860,4860,C[C@@H](N[P](=O)(c1ccccc1)c2ccccc2)c3cccc(F)c3,13.6,1.0,0.1,10.1039/D0QO01286F,AD3
4861,4861,C[C@H](N[P](=O)(c1ccccc1)c2ccccc2)c3cccc(F)c3,23.5,1.0,0.1,10.1039/D0QO01286F,AD3
4927,4927,COc1ccccc1[C@@H]2CCN(C[C@@H]2C(O)=O)C(=O)OC(C)(C)C,23.4,1.0,0.03,10.31635/ccschem.020.202000176,AD3
4940,4940,OC(=O)[C@H]1CCCC[C@H]1c2ccc(F)cc2,20.6,0.8,0.02,10.1002/anie.202016705,AD3
4941,4941,OC(=O)[C@@H]1CCCC[C@H]1c2ccc(F)cc2,24.0,0.8,0.02,10.1002/anie.202016705,AD3
4948,4948,FC(F)(F)C[C@]1(CC2(CCCCC2)CN1C(=O)Nc3cc(cc(c3)C(F)(F)F)C(F)(F)F)c4ccccc4,26.08,0.2,0.02,10.1021/jacs.6b04077,AD3
4949,4949,FC(F)(F)C[C@@]1(CC2(CCCCC2)CN1C(=O)Nc3cc(cc(c3)C(F)(F)F)C(F)(F)F)c4ccccc4,24.07,0.2,0.02,10.1021/jacs.6b04077,AD3
4958,4958,Clc1ccc(cc1)[C@@H]2NCCc3c(Cl)cccc23,17.0,1.0,0.2,10.1039/C8CC03586E,AD3
4959,4959,Clc1ccc(cc1)[C@H]2NCCc3c(Cl)cccc23,24.1,1.0,0.2,10.1039/C8CC03586E,AD3
4960,4960,COc1ccc(cc1)[C@@H]2CCCCC[C@@H]2C(O)=O,19.5,0.8,0.03,10.1002/anie.202016705,AD3
4986,4986,C[Si](C)(C)[Si](C[C@]1(CC2(CCC2)CN1C(=O)Nc3cc(cc(c3)C(F)(F)F)C(F)(F)F)c4ccccc4)([Si](C)(C)C)[Si](C)(C)C,27.08,0.15,0.008,10.1007/s11426/019/9528/2,AD3
4987,4987,C[Si](C)(C)[Si](C[C@@]1(CC2(CCC2)CN1C(=O)Nc3cc(cc(c3)C(F)(F)F)C(F)(F)F)c4ccccc4)([Si](C)(C)C)[Si](C)(C)C,24.46,0.15,0.008,10.1007/s11426/019/9528/2,AD3
5001,5001,FC(F)(F)c1cccc(NC(=O)N2CCC[C@@]2(CN3CCOCC3)c4ccccc4)c1,26.94,1.0,0.05,10.1016/j.chempr.2017.10.008,AD3
5002,5002,FC(F)(F)c1cccc(NC(=O)N2CCC[C@]2(CN3CCOCC3)c4ccccc4)c1,24.59,1.0,0.05,10.1016/j.chempr.2017.10.008,AD3
5014,5014,FC(F)(F)c1cc(NC(=O)N2CC3(CCCCC3)C[C@@]2(CC(F)(F)C(F)(F)C(F)(F)C(F)(F)F)c4ccccc4)cc(c1)C(F)(F)F,16.43,0.2,0.03,10.1038/ncomms14841,AD3
5015,5015,FC(F)(F)c1cc(NC(=O)N2CC3(CCCCC3)C[C@]2(CC(F)(F)C(F)(F)C(F)(F)C(F)(F)F)c4ccccc4)cc(c1)C(F)(F)F,24.66,0.2,0.03,10.1038/ncomms14841,AD3
5024,5024,CC1(C)CN(C(=O)Nc2cc(cc(c2)C(F)(F)F)C(F)(F)F)[C@@](CN3CCOCC3)(C1)c4ccccc4,27.52,0.3,0.03,10.1016/j.chempr.2017.10.008,AD3
5025,5025,CC1(C)CN(C(=O)Nc2cc(cc(c2)C(F)(F)F)C(F)(F)F)[C@](CN3CCOCC3)(C1)c4ccccc4,24.78,0.3,0.03,10.1016/j.chempr.2017.10.008,AD3
5113,5113,CC1(C)CN(C(=O)Nc2cccc(c2)C(F)(F)F)[C@@](CC(F)F)(C1)c3ccccc3,23.55,0.4,0.05,10.1038/ncomms14841,AD3
5114,5114,CC1(C)CN(C(=O)Nc2cccc(c2)C(F)(F)F)[C@](CC(F)F)(C1)c3ccccc3,25.59,0.4,0.05,10.1038/ncomms14841,AD3
5210,5210,CC1(C)CN(C(=O)Nc2cccc(Cl)c2)[C@@](CC(F)(F)F)(C1)c3ccccc3,28.93,0.5,0.05,10.1021/jacs.6b04077,AD3
5211,5211,CC1(C)CN(C(=O)Nc2cccc(Cl)c2)[C@](CC(F)(F)F)(C1)c3ccccc3,26.4,0.5,0.05,10.1021/jacs.6b04077,AD3
5236,5236,C[C@@H](N[P](=O)(c1ccccc1)c2ccccc2)c3ccc(Br)cc3,13.3,1.0,0.2,10.1039/D0QO01286F,AD3
5237,5237,C[C@H](N[P](=O)(c1ccccc1)c2ccccc2)c3ccc(Br)cc3,26.7,1.0,0.2,10.1039/D0QO01286F,AD3
5304,5304,Cc1ccc(cc1)[C@@]2(CCCN2C(=O)Nc3cccc(c3)C(F)(F)F)CN4CCOCC4,19.8,1.0,0.05,10.1016/j.chempr.2017.10.008,AD3
5305,5305,Cc1ccc(cc1)[C@]2(CCCN2C(=O)Nc3cccc(c3)C(F)(F)F)CN4CCOCC4,27.46,1.0,0.05,10.1016/j.chempr.2017.10.008,AD3
5379,5379,C[C@@H](Cc1ccc(cc1)C(F)(F)F)C(O)=O,31.9,1.0,0.03,10.31635/ccschem.020.202000176,AD3
5380,5380,C[C@H](Cc1ccc(cc1)C(F)(F)F)C(O)=O,28.4,1.0,0.03,10.31635/ccschem.020.202000176,AD3
5391,5391,CC1(C)CN2C(=O)N(c3cc(cc(c3)C(F)(F)F)C(F)(F)F)c4ccccc4[C@]2(CC(F)(F)F)C1,25.61,0.2,0.02,10.1021/jacs.6b04077,AD3
5392,5392,CC1(C)CN2C(=O)N(c3cc(cc(c3)C(F)(F)F)C(F)(F)F)c4ccccc4[C@@]2(CC(F)(F)F)C1,28.56,0.2,0.02,10.1021/jacs.6b04077,AD3
5393,5393,COc1cccc(c1)N(C)C(=O)N2CC(C)(C)C[C@@]2(CC(F)(F)C(F)(F)C(F)(F)C(F)(F)F)c3ccccc3,25.61,0.2,0.02,10.1038/ncomms14841,AD3
5394,5394,COc1cccc(c1)N(C)C(=O)N2CC(C)(C)C[C@]2(CC(F)(F)C(F)(F)C(F)(F)C(F)(F)F)c3ccccc3,28.56,0.2,0.02,10.1038/ncomms14841,AD3
5423,5423,Fc1ccc2CCN[C@@H](c3ccc(Cl)cc3)c2c1,24.8,0.5,0.2,10.1039/C8CC03586E,AD3
5424,5424,Fc1ccc2CCN[C@H](c3ccc(Cl)cc3)c2c1,28.8,0.5,0.2,10.1039/C8CC03586E,AD3
5446,5446,CC[C@@H](C#Cc1ccn2nccc2n1)c3ccccc3,32.46,0.5,0.05,10.1038/s41557/019/0346/2,AD3
5447,5447,CC[C@H](C#Cc1ccn2nccc2n1)c3ccccc3,29.14,0.5,0.05,10.1038/s41557/019/0346/2,AD3
5449,5449,CC1(C)CN(C(=O)Nc2cccc(c2)C(F)(F)F)[C@@](CC(F)F)(C1)c3cccc(c3)c4ccccc4,24.43,0.4,0.05,10.1038/ncomms14841,AD3
5450,5450,CC1(C)CN(C(=O)Nc2cccc(c2)C(F)(F)F)[C@](CC(F)F)(C1)c3cccc(c3)c4ccccc4,29.19,0.4,0.05,10.1038/ncomms14841,AD3
5474,5474,CC[C@H](Oc1ccc(cc1)C(C)(C)C)C(O)=O,26.4,0.5,0.01,10.1038/s41467/020/17057/z,AD3
5475,5475,CC[C@@H](Oc1ccc(cc1)C(C)(C)C)C(O)=O,29.6,0.5,0.01,10.1038/s41467/020/17057/z,AD3
5510,5510,COc1ccc(C[C@H](C)C(O)=O)cc1,21.0,1.0,0.03,10.31635/ccschem.020.202000176,AD3
5511,5511,COc1ccc(C[C@@H](C)C(O)=O)cc1,29.9,1.0,0.03,10.31635/ccschem.020.202000176,AD3
5563,5563,CC1(C)CN(C(=O)Nc2cccc(c2)C(F)(F)F)[C@@](CC(F)F)(C1)c3cccc(F)c3,28.42,0.3,0.05,10.1038/ncomms14841,AD3
5564,5564,CC1(C)CN(C(=O)Nc2cccc(c2)C(F)(F)F)[C@](CC(F)F)(C1)c3cccc(F)c3,30.25,0.3,0.05,10.1038/ncomms14841,AD3
5626,5626,FC(F)(F)c1cc(NC(=O)N2CC3(CCCC3)C[C@@]2(CN4CCOCC4)c5ccccc5)cc(c1)C(F)(F)F,36.12,0.3,0.03,10.1016/j.chempr.2017.10.008,AD3
5627,5627,FC(F)(F)c1cc(NC(=O)N2CC3(CCCC3)C[C@]2(CN4CCOCC4)c5ccccc5)cc(c1)C(F)(F)F,30.97,0.3,0.03,10.1016/j.chempr.2017.10.008,AD3
5633,5633,Cc1ccc(cc1)[C@@H]2NC(=O)c3ccccc3c4ccc(F)cc24,20.0,0.8,0.2,10.1021/acs.orglett.0c02282,AD3
5634,5634,Cc1ccc(cc1)[C@H]2NC(=O)c3ccccc3c4ccc(F)cc24,31.1,0.8,0.2,10.1021/acs.orglett.0c02282,AD3
5639,5639,CC(C)(C)OC(=O)N1CC[C@H]([C@H](C1)C(O)=O)c2ccccc2,29.6,1.0,0.03,10.31635/ccschem.020.202000176,AD3
5640,5640,CC(C)(C)OC(=O)N1CC[C@@H]([C@H](C1)C(O)=O)c2ccccc2,31.4,1.0,0.03,10.31635/ccschem.020.202000176,AD3
5670,5670,C[Si](C)(C)[Si](C[C@@]1(N(Cc2ccccc12)C(=O)Nc3cc(cc(c3)C(F)(F)F)C(F)(F)F)c4ccccc4)([Si](C)(C)C)[Si](C)(C)C,34.77,0.15,0.01,10.1007/s11426/019/9528/2,AD3
5671,5671,C[Si](C)(C)[Si](C[C@]1(N(Cc2ccccc12)C(=O)Nc3cc(cc(c3)C(F)(F)F)C(F)(F)F)c4ccccc4)([Si](C)(C)C)[Si](C)(C)C,31.86,0.15,0.01,10.1007/s11426/019/9528/2,AD3
5672,5672,OC(=O)[C@H]1CCCC[C@H]1c2ccc3ccccc3c2,35.8,0.8,0.02,10.1002/anie.202016705,AD3
5673,5673,OC(=O)[C@@H]1CCCC[C@H]1c2ccc3ccccc3c2,31.9,0.8,0.02,10.1002/anie.202016705,AD3
5723,5723,CC1(C)CN(C(=O)Nc2cccc(Cl)c2)[C@@](CC(F)F)(C1)c3ccccc3,36.46,0.4,0.05,10.1038/ncomms14841,AD3
5724,5724,CC1(C)CN(C(=O)Nc2cccc(Cl)c2)[C@](CC(F)F)(C1)c3ccccc3,32.54,0.4,0.05,10.1038/ncomms14841,AD3
5746,5746,FC(F)(F)c1cc(NC(=O)N2CC3(CCCCC3)C[C@@]2(CN4CCOCC4)c5ccccc5)cc(c1)C(F)(F)F,41.85,0.3,0.03,10.1016/j.chempr.2017.10.008,AD3
5747,5747,FC(F)(F)c1cc(NC(=O)N2CC3(CCCCC3)C[C@]2(CN4CCOCC4)c5ccccc5)cc(c1)C(F)(F)F,32.81,0.3,0.03,10.1016/j.chempr.2017.10.008,AD3
5814,5814,CC[C@@H](C#Cc1cnc2cccnn12)c3ccccc3,40.6,0.5,0.05,10.1038/s41557/019/0346/2,AD3
5815,5815,CC[C@H](C#Cc1cnc2cccnn12)c3ccccc3,33.91,0.5,0.05,10.1038/s41557/019/0346/2,AD3
5822,5822,FC(F)(F)c1cc(NC(=O)N2CC3(CC3)C[C@@]2(CC(F)(F)C(F)(F)C(F)(F)C(F)(F)F)c4ccccc4)cc(c1)C(F)(F)F,29.85,0.15,0.03,10.1038/ncomms14841,AD3
5823,5823,FC(F)(F)c1cc(NC(=O)N2CC3(CC3)C[C@]2(CC(F)(F)C(F)(F)C(F)(F)C(F)(F)F)c4ccccc4)cc(c1)C(F)(F)F,34.01,0.15,0.03,10.1038/ncomms14841,AD3
5828,5828,C[C@@H](Cc1ccc(Cl)cc1)C(O)=O,35.9,1.0,0.03,10.31635/ccschem.020.202000176,AD3
5829,5829,C[C@H](Cc1ccc(Cl)cc1)C(O)=O,34.1,1.0,0.03,10.31635/ccschem.020.202000176,AD3
5842,5842,Cc1ccc(cc1)[S](=O)(=O)N2CCN(CC2)C[C@]3(CC4(CCCC4)CN3C(=O)Nc5cc(cc(c5)C(F)(F)F)C(F)(F)F)c6ccccc6,39.35,0.5,0.05,10.1016/j.chempr.2017.10.008,AD3
5843,5843,Cc1ccc(cc1)[S](=O)(=O)N2CCN(CC2)C[C@@]3(CC4(CCCC4)CN3C(=O)Nc5cc(cc(c5)C(F)(F)F)C(F)(F)F)c6ccccc6,34.39,0.5,0.05,10.1016/j.chempr.2017.10.008,AD3
5846,5846,FC(F)(F)c1cccc(NC(=O)N2CCC[C@@]2(CC(F)(F)C(F)(F)C(F)(F)C(F)(F)F)c3ccccc3)c1,15.8,0.5,0.05,10.1038/ncomms14841,AD3
5847,5847,FC(F)(F)c1cccc(NC(=O)N2CCC[C@]2(CC(F)(F)C(F)(F)C(F)(F)C(F)(F)F)c3ccccc3)c1,34.41,0.5,0.05,10.1038/ncomms14841,AD3
5856,5856,Clc1ccc(cc1)[C@@H]2NCCc3ccc(Br)cc23,28.9,0.5,0.2,10.1039/C8CC03586E,AD3
5857,5857,Clc1ccc(cc1)[C@H]2NCCc3ccc(Br)cc23,34.6,0.5,0.2,10.1039/C8CC03586E,AD3
5926,5926,OC(=O)[C@H]1CCC[C@H]1c2ccc3ccccc3c2,34.4,0.5,0.01,10.1002/anie.202016705,AD3
5927,5927,OC(=O)[C@@H]1CCC[C@H]1c2ccc3ccccc3c2,36.2,0.5,0.01,10.1002/anie.202016705,AD3
5933,5933,Clc1ccc(cc1)[C@H]2CC(=O)Nc3ccccc3S2,42.5,1.0,0.07,10.1039/D0QO01286F,AD3
5934,5934,Clc1ccc(cc1)[C@@H]2CC(=O)Nc3ccccc3S2,36.4,1.0,0.07,10.1039/D0QO01286F,AD3
5951,5951,C[C@@H](Cc1ccc(Br)cc1)C(O)=O,40.2,1.0,0.03,10.31635/ccschem.020.202000176,AD3
5952,5952,C[C@H](Cc1ccc(Br)cc1)C(O)=O,36.7,1.0,0.03,10.31635/ccschem.020.202000176,AD3
5973,5973,COC(=O)C(F)(F)C[C@]1(CC(C)(C)CN1C(=O)Nc2cccc(c2)C(F)(F)F)c3ccccc3,29.76,0.4,0.05,10.1038/ncomms14841,AD3
5974,5974,COC(=O)C(F)(F)C[C@@]1(CC(C)(C)CN1C(=O)Nc2cccc(c2)C(F)(F)F)c3ccccc3,37.29,0.4,0.05,10.1038/ncomms14841,AD3
5985,5985,OC(=O)[C@H]1CCCCC[C@H]1c2ccc3ccccc3c2,33.5,0.8,0.03,10.1002/anie.202016705,AD3
5986,5986,OC(=O)[C@@H]1CCCCC[C@H]1c2ccc3ccccc3c2,37.5,0.8,0.03,10.1002/anie.202016705,AD3
6065,6065,CC[C@@H](N[P](=O)(c1ccccc1)c2ccccc2)c3ccccc3,28.1,1.0,0.07,10.1039/D0QO01286F,AD3
6066,6066,CC[C@H](N[P](=O)(c1ccccc1)c2ccccc2)c3ccccc3,39.6,1.0,0.07,10.1039/D0QO01286F,AD3
6071,6071,Cc1ccccc1[C@@]2(CC(C)(C)CN2C(=O)Nc3cccc(Br)c3)CC(F)(F)C(F)(F)C(F)(F)C(F)(F)F,28.24,0.2,0.04,10.1038/ncomms14841,AD3
6072,6072,Cc1ccccc1[C@]2(CC(C)(C)CN2C(=O)Nc3cccc(Br)c3)CC(F)(F)C(F)(F)C(F)(F)C(F)(F)F,39.69,0.2,0.04,10.1038/ncomms14841,AD3
6089,6089,CC1(C)CN(C(=O)Nc2cccc(c2)C(F)(F)F)[C@@](CN3CCOCC3)(C1)c4ccccc4,45.44,0.6,0.05,10.1016/j.chempr.2017.10.008,AD3
6090,6090,CC1(C)CN(C(=O)Nc2cccc(c2)C(F)(F)F)[C@](CN3CCOCC3)(C1)c4ccccc4,40.19,0.6,0.05,10.1016/j.chempr.2017.10.008,AD3
6135,6135,C[C@@H](N[P](=O)(c1ccccc1)c2ccccc2)c3ccc(F)cc3,39.0,1.0,0.07,10.1039/D0QO01286F,AD3
6136,6136,C[C@H](N[P](=O)(c1ccccc1)c2ccccc2)c3ccc(F)cc3,41.8,1.0,0.07,10.1039/D0QO01286F,AD3
6145,6145,C[C@@H](Cc1ccc(F)cc1)C(O)=O,39.7,1.0,0.01,10.31635/ccschem.020.202000176,AD3
6146,6146,C[C@H](Cc1ccc(F)cc1)C(O)=O,41.9,1.0,0.01,10.31635/ccschem.020.202000176,AD3
6149,6149,CCOc1ccc2cc(ccc2c1)[C@@H]3CCCC[C@@H]3C(O)=O,72.8,0.8,0.02,10.1002/anie.202016705,AD3
6152,6152,CC1(C)CN(C(=O)Nc2cc(cc(c2)C(F)(F)F)C(F)(F)F)[C@@](CN3CCOCC3)(C1)c4ccc(cc4)c5ccccc5,37.58,0.3,0.03,10.1016/j.chempr.2017.10.008,AD3
6153,6153,CC1(C)CN(C(=O)Nc2cc(cc(c2)C(F)(F)F)C(F)(F)F)[C@](CN3CCOCC3)(C1)c4ccc(cc4)c5ccccc5,42.29,0.3,0.03,10.1016/j.chempr.2017.10.008,AD3
6341,6341,C[C@@H](C#Cc1ccn2nccc2n1)c3ccccc3,54.8,0.3,0.05,10.1038/s41557/019/0346/2,AD3
6342,6342,C[C@H](C#Cc1ccn2nccc2n1)c3ccccc3,52.07,0.3,0.05,10.1038/s41557/019/0346/2,AD3
6351,6351,COc1ccc2cc(ccc2c1)[C@@H]3CCCC[C@@H]3C(O)=O,86.0,0.8,0.02,10.1002/anie.202016705,AD3
6759,6759,CC(=C)[C@@H]1CN(/C(C1)=C/CCc2ccccc2)[S](=O)(=O)c3ccc(C)cc3,9.59,0.8,0.1,10.1002/anie.201605530,AD3
6760,6760,CC(=C)[C@H]1CN(/C(C1)=C/CCc2ccccc2)[S](=O)(=O)c3ccc(C)cc3,10.14,0.8,0.1,10.1002/anie.201605530,AD3
6868,6868,CC(=C)[C@@H]1CN(C(/C1)=C/c2c(C)cc(C)cc2C)[S](=O)(=O)c3ccc(C)cc3,9.64,0.8,0.05,10.1002/anie.201605530,AD3
6869,6869,CC(=C)[C@H]1CN(C(/C1)=C/c2c(C)cc(C)cc2C)[S](=O)(=O)c3ccc(C)cc3,10.28,0.8,0.05,10.1002/anie.201605530,AD3
7066,7066,C=C1COCC[C@@H]1c2ccc3OCOc3c2,11.03,1.0,0.01,10.1021/jacs.8b04703,AD3
7067,7067,C=C1COCC[C@H]1c2ccc3OCOc3c2,10.43,1.0,0.01,10.1021/jacs.8b04703,AD3
7502,7502,CC(C)[C@@H]1CN(/C(C1)=C/c2ccccc2)[S](=O)(=O)c3ccc(C)cc3,9.61,0.8,0.1,10.1002/anie.201605530,AD3
7503,7503,CC(C)[C@H]1CN(/C(C1)=C/c2ccccc2)[S](=O)(=O)c3ccc(C)cc3,10.89,0.8,0.1,10.1002/anie.201605530,AD3
7730,7730,CC(=C)[C@@H](CN[S](=O)(=O)c1ccc(C)cc1)c2c(O)ccc3c(OCC=C)cccc23,10.14,0.8,0.2,10.1021/acs.orglett.7b01136,AD3
7731,7731,CC(=C)[C@H](CN[S](=O)(=O)c1ccc(C)cc1)c2c(O)ccc3c(OCC=C)cccc23,11.03,0.8,0.2,10.1021/acs.orglett.7b01136,AD3
7759,7759,COC[C@@H](Cc1ccccc1)C(O)=O,11.79,2.0,0.07,10.1002/cjoc.201400361,AD3
7760,7760,COC[C@H](Cc1ccccc1)C(O)=O,11.09,2.0,0.07,10.1002/cjoc.201400361,AD3
7859,7859,C[C@H](NC(C)=O)c1ccccc1,13.16,0.5,0.1,10.1021/jacs.1c07726,AD3
7860,7860,C[C@@H](NC(C)=O)c1ccccc1,11.15,0.5,0.1,10.1021/jacs.1c07726,AD3
7925,7925,CCOc1cc(ccc1OCc2ccccc2)[C@@H](C(=C)C(C)=O)c3cc(c(O)c(c3)C(C)(C)C)C(C)(C)C,15.3,0.5,0.05,10.1021/acscatal.7b00030,AD3
7926,7926,CCOc1cc(ccc1OCc2ccccc2)[C@H](C(=C)C(C)=O)c3cc(c(O)c(c3)C(C)(C)C)C(C)(C)C,11.2,0.5,0.05,10.1021/acscatal.7b00030,AD3
8216,8216,CC(=C)[C@H](CN[S](=O)(=O)c1ccc(C)cc1)CC(=O)C2CC2,8.46,0.8,0.2,10.1021/jacs.6b00386,AD3
8217,8217,CC(=C)[C@@H](CN[S](=O)(=O)c1ccc(C)cc1)CC(=O)C2CC2,11.44,0.8,0.2,10.1021/jacs.6b00386,AD3
8655,8655,CC(=O)Oc1ccc(cc1)[C@@H](CC(C)(C)C(=O)OC(C)(C)C)C#Cc2ccccc2,9.88,0.5,0.05,10.1021/jacs.0c03130,AD3
8656,8656,CC(=O)Oc1ccc(cc1)[C@H](CC(C)(C)C(=O)OC(C)(C)C)C#Cc2ccccc2,11.84,0.5,0.05,10.1021/jacs.0c03130,AD3
8763,8763,Cc1ccc(cc1)[C@H](C#Cc2ccc(cc2)C(C)(C)C)c3ccccc3,10.57,0.6,0.005,10.1021/jacs.1c09742,AD3
8764,8764,Cc1ccc(cc1)[C@@H](C#Cc2ccc(cc2)C(C)(C)C)c3ccccc3,11.95,0.6,0.005,10.1021/jacs.1c09742,AD3
9125,9125,C[C@@H](C#Cc1ccc(cc1)C#N)c2cscc2,14.5,0.8,0.03,10.1002/anie.202110233,AD3
9126,9126,C[C@H](C#Cc1ccc(cc1)C#N)c2cscc2,12.3,0.8,0.03,10.1002/anie.202110233,AD3
9372,9372,CC(C)[C@@H]1CN(CC1C)[S](=O)(=O)c2ccc(C)cc2,12.09,0.8,0.05,10.1002/anie.201605530,AD3
9373,9373,CC(C)[C@H]1CN(CC1C)[S](=O)(=O)c2ccc(C)cc2,12.51,0.8,0.05,10.1002/anie.201605530,AD3
9893,9893,COC(=O)\C=C1/C[C@@H](CN1[S](=O)(=O)c2ccc(C)cc2)C(C)=C,13.79,0.8,0.1,10.1002/anie.201605530,AD3
9894,9894,COC(=O)\C=C1/C[C@H](CN1[S](=O)(=O)c2ccc(C)cc2)C(C)=C,13.06,0.8,0.1,10.1002/anie.201605530,AD3
9897,9897,COC(=O)c1ccc(cc1)\C=C2/C[C@@H](CN2[S](=O)(=O)c3ccc(C)cc3)C(C)=C,14.22,0.8,0.2,10.1002/anie.201605530,AD3
9898,9898,COC(=O)c1ccc(cc1)\C=C2/C[C@H](CN2[S](=O)(=O)c3ccc(C)cc3)C(C)=C,13.07,0.8,0.2,10.1002/anie.201605530,AD3
10233,10233,CC(=C)[C@@H]1CN(/C(C1)=C/c2ccc(F)cc2)[S](=O)(=O)c3ccc(C)cc3,12.17,0.8,0.1,10.1002/anie.201605530,AD3
10234,10234,CC(=C)[C@H]1CN(/C(C1)=C/c2ccc(F)cc2)[S](=O)(=O)c3ccc(C)cc3,13.5,0.8,0.1,10.1002/anie.201605530,AD3
10470,10470,COC(=O)CCC(=O)C[C@@H](CN[S](=O)(=O)c1ccc(C)cc1)C(C)=C,12.87,0.8,0.2,10.1021/jacs.6b00386,AD3
10471,10471,COC(=O)CCC(=O)C[C@H](CN[S](=O)(=O)c1ccc(C)cc1)C(C)=C,13.75,0.8,0.2,10.1021/jacs.6b00386,AD3
10563,10563,Cc1ccc(cc1)[S](=O)(=O)N2C[C@@H]3C=CCN(C(=C3C2)CCCO[Si](C)(C)C(C)(C)C)[S](=O)(=O)c4ccc(C)cc4,23.53,0.8,0.2,10.1021/jacs.5b01305,AD3
10564,10564,Cc1ccc(cc1)[S](=O)(=O)N2C[C@H]3C=CCN(C(=C3C2)CCCO[Si](C)(C)C(C)(C)C)[S](=O)(=O)c4ccc(C)cc4,13.83,0.8,0.2,10.1021/jacs.5b01305,AD3
10641,10641,COc1ccc(cc1)[C@@H](C#Cc2ccccc2)c3ccc(C)cc3,13.0,0.5,0.005,10.1021/jacs.1c09742,AD3
10642,10642,COc1ccc(cc1)[C@H](C#Cc2ccccc2)c3ccc(C)cc3,13.93,0.5,0.005,10.1021/jacs.1c09742,AD3
10921,10921,CCCCC(=C)[C@@H]1CN(/C(C1)=C/c2ccccc2)[S](=O)(=O)c3ccc(C)cc3,10.66,0.8,0.05,10.1002/anie.201605530,AD3
10922,10922,CCCCC(=C)[C@H]1CN(/C(C1)=C/c2ccccc2)[S](=O)(=O)c3ccc(C)cc3,14.25,0.8,0.05,10.1002/anie.201605530,AD3
11010,11010,COC(=O)C1(C[C@@H]2C=CCN(C(=C2C1)c3ccccc3)[S](=O)(=O)c4ccc(C)cc4)C(=O)OC,24.85,0.8,0.2,10.1021/jacs.5b01305,AD3
11011,11011,COC(=O)C1(C[C@H]2C=CCN(C(=C2C1)c3ccccc3)[S](=O)(=O)c4ccc(C)cc4)C(=O)OC,14.33,0.8,0.2,10.1021/jacs.5b01305,AD3
11262,11262,CN(C)c1ccc(cc1)[C@@H](C#Cc2ccccc2)c3ccc(C)cc3,11.34,0.8,0.005,10.1021/jacs.1c09742,AD3
11263,11263,CN(C)c1ccc(cc1)[C@H](C#Cc2ccccc2)c3ccc(C)cc3,14.65,0.8,0.005,10.1021/jacs.1c09742,AD3
11353,11353,CC(=C)[C@@H](CN[S](=O)(=O)c1ccc(C)cc1)CC(=O)C2=CCCCC2,19.13,0.8,0.2,10.1002/anie.201609608,AD3
11354,11354,CC(=C)[C@H](CN[S](=O)(=O)c1ccc(C)cc1)CC(=O)C2=CCCCC2,14.74,0.8,0.2,10.1002/anie.201609608,AD3
11746,11746,C[C@@H](C#Cc1ccc(cc1)C#N)c2cccc(c2)n3cccn3,24.0,1.0,0.1,10.1002/anie.202110233,AD3
11747,11747,C[C@H](C#Cc1ccc(cc1)C#N)c2cccc(c2)n3cccn3,15.2,1.0,0.1,10.1002/anie.202110233,AD3
11875,11875,CC[C@@H](\C=C\c1ccc2ccccc2c1)C#Cc3ccccc3C=O,11.6,0.8,0.05,10.1002/anie.202110233,AD3
11876,11876,CC[C@H](\C=C\c1ccc2ccccc2c1)C#Cc3ccccc3C=O,15.4,0.8,0.05,10.1002/anie.202110233,AD3
11941,11941,CN([C@@H]1N(C[C@@H](C(C)=C)C1=C)[S](=O)(=O)c2ccc(C)cc2)[S](=O)(=O)c3ccc(C)cc3,14.86,0.8,0.2,10.1002/anie.201605530,AD3
12127,12127,C[C@@H]1CN(C[C@H]1C(C)=C)[S](=O)(=O)c2ccc(C)cc2,16.39,0.8,0.05,10.1002/anie.201605530,AD3
12468,12468,CC(=C)[C@@H]1CN(/C(C1)=C/c2ccc(Br)cc2)[S](=O)(=O)c3ccc(C)cc3,15.25,0.8,0.1,10.1002/anie.201605530,AD3
12469,12469,CC(=C)[C@H]1CN(/C(C1)=C/c2ccc(Br)cc2)[S](=O)(=O)c3ccc(C)cc3,16.13,0.8,0.1,10.1002/anie.201605530,AD3
12521,12521,C[C@@H](C#Cc1ccc(cc1)C#N)c2ccc(Br)cc2,17.9,0.8,0.03,10.1002/anie.202110233,AD3
12522,12522,C[C@H](C#Cc1ccc(cc1)C#N)c2ccc(Br)cc2,16.2,0.8,0.03,10.1002/anie.202110233,AD3
13157,13157,Cc1ccc(cc1)[C@H](C#CC2CCN(CC2)C(=O)OC(C)(C)C)c3ccccc3,18.41,0.5,0.005,10.1021/jacs.1c09742,AD3
13158,13158,Cc1ccc(cc1)[C@@H](C#CC2CCN(CC2)C(=O)OC(C)(C)C)c3ccccc3,17.09,0.5,0.005,10.1021/jacs.1c09742,AD3
13208,13208,CC(=O)[C@@H]1CN(C(=O)C1)[S](=O)(=O)c2ccc(C)cc2,20.18,0.8,0.3,10.1002/anie.201605530,AD3
13209,13209,CC(=O)[C@H]1CN(C(=O)C1)[S](=O)(=O)c2ccc(C)cc2,17.13,0.8,0.3,10.1002/anie.201605530,AD3
13411,13411,CC(C)(C)OC(=O)C(C)(C)C[C@@H](C#Cc1ccccc1)c2cccc(c2)C#N,15.01,1.0,0.02,10.1021/jacs.0c03130,AD3
13412,13412,CC(C)(C)OC(=O)C(C)(C)C[C@H](C#Cc1ccccc1)c2cccc(c2)C#N,17.43,1.0,0.02,10.1021/jacs.0c03130,AD3
13781,13781,CC(=C)[C@H](CN[S](=O)(=O)c1ccc(C)cc1)CC(=O)CCCOCc2ccccc2,14.93,0.8,0.2,10.1021/jacs.6b00386,AD3
13782,13782,CC(=C)[C@@H](CN[S](=O)(=O)c1ccc(C)cc1)CC(=O)CCCOCc2ccccc2,18.04,0.8,0.2,10.1021/jacs.6b00386,AD3
14110,14110,CC[C@@H](\C=C\c1ccc2cc(OC)ccc2c1)C#C[Si](c3ccccc3)(c4ccccc4)c5ccccc5,12.2,0.4,0.05,10.1002/anie.202110233,AD3
14111,14111,CC[C@H](\C=C\c1ccc2cc(OC)ccc2c1)C#C[Si](c3ccccc3)(c4ccccc4)c5ccccc5,18.6,0.4,0.05,10.1002/anie.202110233,AD3
14947,14947,FC(F)(F)C[C@@H](C#Cc1ccc(cc1)C#N)c2ccccc2,26.54,0.5,0.01,10.1021/jacs.0c03130,AD3
14948,14948,FC(F)(F)C[C@H](C#Cc1ccc(cc1)C#N)c2ccccc2,19.92,0.5,0.01,10.1021/jacs.0c03130,AD3
15910,15910,COC1([C@H](CN[S](=O)(=O)c2ccc(C)cc2)C(C)=C)C(=O)C=Cc3ccccc13,20.96,0.6,0.2,10.1021/acs.orglett.7b01136,AD3
15911,15911,COC1([C@@H](CN[S](=O)(=O)c2ccc(C)cc2)C(C)=C)C(=O)C=Cc3ccccc13,21.81,0.6,0.2,10.1021/acs.orglett.7b01136,AD3
16027,16027,CCCC[C@@]1(COc2ccccc12)CC#Cc3ccccc3,25.1,0.5,0.0,10.1002/anie.201913367,AD3
16028,16028,CCCC[C@]1(COc2ccccc12)CC#Cc3ccccc3,22.1,0.5,0.0,10.1002/anie.201913367,AD3
16600,16600,CC(=O)c1cccc(c1)[C@@H](CC(C)(C)C(=O)OC(C)(C)C)C#Cc2ccccc2,19.05,0.5,0.02,10.1021/jacs.0c03130,AD3
16601,16601,CC(=O)c1cccc(c1)[C@H](CC(C)(C)C(=O)OC(C)(C)C)C#Cc2ccccc2,23.55,0.5,0.02,10.1021/jacs.0c03130,AD3
16903,16903,[O-][N+](=O)c1ccc(cc1)[S](=O)(=O)N/2C[C@H](CC2=C/c3ccccc3)C=C,23.09,0.8,0.05,10.1002/anie.201605530,AD3
16904,16904,[O-][N+](=O)c1ccc(cc1)[S](=O)(=O)N/2C[C@@H](CC2=C/c3ccccc3)C=C,24.37,0.8,0.05,10.1002/anie.201605530,AD3
17184,17184,COC(=O)c1cccc(c1)[C@@H](CC(C)(C)C(=O)OC(C)(C)C)C#Cc2ccc(cc2)C#N,18.84,0.5,0.05,10.1021/jacs.0c03130,AD3
17185,17185,COC(=O)c1cccc(c1)[C@H](CC(C)(C)C(=O)OC(C)(C)C)C#Cc2ccc(cc2)C#N,25.11,0.5,0.05,10.1021/jacs.0c03130,AD3
17515,17515,CC(C)(C)OC(=O)C(C)(C)C[C@@H](C#Cc1ccc(cc1)C#N)c2cnc3ccccc3c2,29.21,0.5,0.1,10.1021/jacs.0c03130,AD3
17516,17516,CC(C)(C)OC(=O)C(C)(C)C[C@H](C#Cc1ccc(cc1)C#N)c2cnc3ccccc3c2,26.2,0.5,0.1,10.1021/jacs.0c03130,AD3
17587,17587,CC(C[C@@H](C#Cc1ccc(cc1)C#N)c2ccccc2)C#N,27.86,0.5,0.01,10.1021/jacs.0c03130,AD3
17588,17588,CC(C[C@H](C#Cc1ccc(cc1)C#N)c2ccccc2)C#N,26.4,0.5,0.01,10.1021/jacs.0c03130,AD3
17725,17725,CCOC(=O)/C=C/[C@@H]1CN(C(/C1)=C/c2ccccc2)[S](=O)(=O)c3ccc(cc3)[N+]([O-])=O,22.19,0.8,0.15,10.1002/anie.201605530,AD3
17726,17726,CCOC(=O)/C=C/[C@H]1CN(C(/C1)=C/c2ccccc2)[S](=O)(=O)c3ccc(cc3)[N+]([O-])=O,26.87,0.8,0.15,10.1002/anie.201605530,AD3
17758,17758,COc1ccc(N[C@H](CO)CCO)c(OC)c1,24.4,1.0,0.07,10.1021/acs.orglett.9b01290,AD3
17759,17759,COc1ccc(N[C@@H](CO)CCO)c(OC)c1,27.0,1.0,0.07,10.1021/acs.orglett.9b01290,AD3
17859,17859,CC(=O)[C@H](CN[S](=O)(=O)c1ccc(C)cc1)CC(=O)c2ccccc2,20.17,0.8,0.3,10.1021/jacs.6b00386,AD3
17860,17860,CC(=O)[C@@H](CN[S](=O)(=O)c1ccc(C)cc1)CC(=O)c2ccccc2,27.49,0.8,0.3,10.1021/jacs.6b00386,AD3
18105,18105,CC[C@@H](\C=C\c1cnc2ccccc2c1)c3ccccc3,41.66,1.0,0.02,10.1021/jacs.2c00957,AD3
18106,18106,CC[C@H](\C=C\c1cnc2ccccc2c1)c3ccccc3,28.38,1.0,0.02,10.1021/jacs.2c00957,AD3
18683,18683,CCCCC1=C2CN(C[C@@H]2C=CCN1[S](=O)(=O)c3ccc(C)cc3)[S](=O)(=O)c4ccc(C)cc4,37.06,0.8,0.3,10.1021/jacs.5b01305,AD3
18684,18684,CCCCC1=C2CN(C[C@H]2C=CCN1[S](=O)(=O)c3ccc(C)cc3)[S](=O)(=O)c4ccc(C)cc4,30.51,0.8,0.3,10.1021/jacs.5b01305,AD3
19289,19289,Cc1ccc(cc1)[C@H](C#CCC(C#N)(c2ccccc2)c3ccccc3)c4ccccc4,30.04,0.5,0.005,10.1021/jacs.1c09742,AD3
19290,19290,Cc1ccc(cc1)[C@@H](C#CCC(C#N)(c2ccccc2)c3ccccc3)c4ccccc4,33.71,0.5,0.005,10.1021/jacs.1c09742,AD3
19535,19535,N#Cc1ccc(cc1)C#C[C@@H]2CCCC=C2,33.1,0.3,0.007,10.1002/anie.202110233,AD3
19536,19536,N#Cc1ccc(cc1)C#C[C@H]2CCCC=C2,35.4,0.3,0.007,10.1002/anie.202110233,AD3
19584,19584,CCCCC[C@@]1(COc2ccccc12)CC#Cc3ccccc3,40.9,0.3,0.0,10.1002/anie.201913367,AD3
19585,19585,CCCCC[C@]1(COc2ccccc12)CC#Cc3ccccc3,35.9,0.3,0.0,10.1002/anie.201913367,AD3
19638,19638,CCOC(=O)C(F)(F)C[C@@H](C#Cc1ccc(cc1)C#N)c2ccccc2,47.91,0.5,0.03,10.1021/jacs.0c03130,AD3
19639,19639,CCOC(=O)C(F)(F)C[C@H](C#Cc1ccc(cc1)C#N)c2ccccc2,36.34,0.5,0.03,10.1021/jacs.0c03130,AD3
20134,20134,CC[C@@H](NCc1ccccc1)C(=O)OC(C)(C)c2ccccc2,5.27,1.0,0.1,10.1126/science.aaw9939,AD3
20135,20135,CC[C@H](NCc1ccccc1)C(=O)OC(C)(C)c2ccccc2,4.41,1.0,0.1,10.1126/science.aaw9939,AD3
20151,20151,CC1(C)OB(OC1(C)C)[C@@](C)(CC(=O)c2ccccc2Cl)C(F)(F)F,5.0,0.8,0.03,10.1021/acscatal.8b02543,AD3
20152,20152,CC1(C)OB(OC1(C)C)[C@](C)(CC(=O)c2ccccc2Cl)C(F)(F)F,4.5,0.8,0.03,10.1021/acscatal.8b02543,AD3
20493,20493,Cc1ccc(cc1)[S](=O)(=O)N2C[C@@H]3C=CCN(C(=C3C2)C4=CCCCC4)[S](=O)(=O)c5ccc(C)cc5,95.15,0.8,0.2,10.1021/jacs.5b01305,AD3
20494,20494,Cc1ccc(cc1)[S](=O)(=O)N2C[C@H]3C=CCN(C(=C3C2)C4=CCCCC4)[S](=O)(=O)c5ccc(C)cc5,42.84,0.8,0.2,10.1021/jacs.5b01305,AD3
20660,20660,CC(C)[C@@H]1CN(/C(C1)=C/c2ccccc2)[S](=O)(=O)c3ccc(C)cc3,33.13,0.8,0.15,10.1002/anie.201605530,AD3
20661,20661,CC(C)[C@H]1CN(/C(C1)=C/c2ccccc2)[S](=O)(=O)c3ccc(C)cc3,45.33,0.8,0.15,10.1002/anie.201605530,AD3
20991,20991,COc1ccc(C[C@@H](COc2cccc3OCOc23)C(O)=O)cc1,4.32,2.0,0.3,10.1002/cjoc.201400361,AD3
20992,20992,COc1ccc(C[C@H](COc2cccc3OCOc23)C(O)=O)cc1,5.26,2.0,0.3,10.1002/cjoc.201400361,AD3
21356,21356,CSc1ccc(\C=C\[C@H](C)[S](=O)(=O)c2ccc(C)cc2)cc1,54.72,1.0,0.04,10.1002/anie.202012485,AD3
21357,21357,CSc1ccc(\C=C\[C@@H](C)[S](=O)(=O)c2ccc(C)cc2)cc1,50.04,1.0,0.04,10.1002/anie.202012485,AD3
21395,21395,OCC[C@@H](CO)c1ccccc1,50.7,1.0,0.03,10.1039/C6SC04609F,AD3
21396,21396,OCC[C@H](CO)c1ccccc1,50.78,1.0,0.03,10.1039/C6SC04609F,AD3
21749,21749,C[C@@H](C#Cc1ccn2nccc2n1)c3ccccc3,62.3,0.3,0.04,10.1002/anie.202110233,AD3
21750,21750,C[C@H](C#Cc1ccn2nccc2n1)c3ccccc3,59.5,0.3,0.04,10.1002/anie.202110233,AD3
22018,22018,CCOC(=O)/C=C(C)/[C@@H]1[C@@H](C(C)C)N1[S](=O)(=O)c2ccc(C)cc2,7.4,0.8,0.2,10.1021/jacs.5b01305,AD3
22155,22155,CC1(C)OB(OC1(C)C)[C@@](C)(CC(=O)c2cccc(c2)[N+]([O-])=O)C(F)(F)F,8.3,0.8,0.02,10.1021/acscatal.8b02543,AD3
22156,22156,CC1(C)OB(OC1(C)C)[C@](C)(CC(=O)c2cccc(c2)[N+]([O-])=O)C(F)(F)F,6.5,0.8,0.02,10.1021/acscatal.8b02543,AD3
22262,22262,Cc1ccc(cc1)[C@H](C#Cc2ccccc2)c3ccc(cc3)C(F)(F)F,7.33,0.8,0.005,10.1021/jacs.1c09742,AD3
22263,22263,Cc1ccc(cc1)[C@@H](C#Cc2ccccc2)c3ccc(cc3)C(F)(F)F,6.66,0.8,0.005,10.1021/jacs.1c09742,AD3
22751,22751,CC(C)[C@H]1Cc2c3cc(Cl)ccc3n(C)c2C1=O,7.98,1.0,0.03,10.1039/C7SC03183A,AD3
22752,22752,CC(C)[C@@H]1Cc2c3cc(Cl)ccc3n(C)c2C1=O,7.06,1.0,0.03,10.1039/C7SC03183A,AD3
22926,22926,CC(C)(OC(=O)[C@H](N1CCOCC1)c2ccccc2)c3ccccc3,6.48,1.0,0.01,10.1126/science.aaw9939,AD3
22927,22927,CC(C)(OC(=O)[C@@H](N1CCOCC1)c2ccccc2)c3ccccc3,7.27,1.0,0.01,10.1126/science.aaw9939,AD3
23354,23354,COc1cc(ccc1C)[C@@H](C(=C)C(C)=O)c2cc(c(O)c(c2)C(C)(C)C)C(C)(C)C,8.9,0.5,0.05,10.1021/acscatal.7b00030,AD3
23355,23355,COc1cc(ccc1C)[C@H](C(=C)C(C)=O)c2cc(c(O)c(c2)C(C)(C)C)C(C)(C)C,7.7,0.5,0.05,10.1021/acscatal.7b00030,AD3
23375,23375,CCCCCC[C@H]1CC[C@H](O)[C@@H]1C(=O)OCC,10.16,0.8,0.02,10.1021/acs.orglett.7b01343,AD3
23853,23853,CC(C)CC(=O)C[C@@H](CN[S](=O)(=O)c1ccc(C)cc1)C(C)=C,7.45,0.8,0.2,10.1021/jacs.6b00386,AD3
23854,23854,CC(C)CC(=O)C[C@H](CN[S](=O)(=O)c1ccc(C)cc1)C(C)=C,8.11,0.8,0.2,10.1021/jacs.6b00386,AD3
23886,23886,CC(C)[C@@H](C#Cc1ccc(cc1)C#N)c2ccccc2,12.4,0.8,0.05,10.1002/anie.202110233,AD3
23887,23887,CC(C)[C@H](C#Cc1ccc(cc1)C#N)c2ccccc2,8.2,0.8,0.05,10.1002/anie.202110233,AD3
24230,24230,OCC[C@@H](CO)Nc1cccc(Cl)c1,9.0,1.0,0.1,10.1021/acs.orglett.9b01290,AD3
24231,24231,OCC[C@H](CO)Nc1cccc(Cl)c1,8.5,1.0,0.1,10.1021/acs.orglett.9b01290,AD3
24391,24391,COC(=O)C1(C[C@@H]2C=CCN(C(=C2C1)C)[S](=O)(=O)c3ccc(C)cc3)C(=O)OC,9.9,0.8,0.2,10.1021/jacs.5b01305,AD3
24392,24392,COC(=O)C1(C[C@H]2C=CCN(C(=C2C1)C)[S](=O)(=O)c3ccc(C)cc3)C(=O)OC,8.68,0.8,0.2,10.1021/jacs.5b01305,AD3
24402,24402,C1CC1[C@@H](C#Cc2ccccc2)c3ccccc3,10.2,0.8,0.005,10.1002/anie.202110233,AD3
24403,24403,C1CC1[C@H](C#Cc2ccccc2)c3ccccc3,8.7,0.8,0.005,10.1002/anie.202110233,AD3
24616,24616,CC(=O)C(=C)[C@H](c1cccc(Br)c1)c2cc(c(O)c(c2)C(C)(C)C)C(C)(C)C,11.2,0.5,0.02,10.1021/acscatal.7b00030,AD3
24617,24617,CC(=O)C(=C)[C@@H](c1cccc(Br)c1)c2cc(c(O)c(c2)C(C)(C)C)C(C)(C)C,8.9,0.5,0.02,10.1021/acscatal.7b00030,AD3
24935,24935,CC(=C)[C@@H]1CN(/C(C1)=C/C2CCCC2)[S](=O)(=O)c3ccc(C)cc3,8.11,0.8,0.1,10.1002/anie.201605530,AD3
24936,24936,CC(=C)[C@H]1CN(/C(C1)=C/C2CCCC2)[S](=O)(=O)c3ccc(C)cc3,9.17,0.8,0.1,10.1002/anie.201605530,AD3
25270,25270,C[C@@H](C#Cc1ccc(cc1)C#N)c2occc2,10.9,0.8,0.03,10.1002/anie.202110233,AD3
25271,25271,C[C@H](C#Cc1ccc(cc1)C#N)c2occc2,9.5,0.8,0.03,10.1002/anie.202110233,AD3
25440,25440,CCCC(=O)C[C@@H](CN[S](=O)(=O)c1ccc(C)cc1)C(C)=C,7.91,0.8,0.2,10.1021/jacs.6b00386,AD3
25441,25441,CCCC(=O)C[C@H](CN[S](=O)(=O)c1ccc(C)cc1)C(C)=C,9.62,0.8,0.2,10.1021/jacs.6b00386,AD3
25462,25462,CC(C)[C@]1(CN(C(=C1)c2ccccc2)[S](=O)(=O)c3ccc(C)cc3)C=C,8.32,0.8,0.1,10.1021/jacs.6b00386,AD3
25463,25463,CC(C)[C@@]1(CN(C(=C1)c2ccccc2)[S](=O)(=O)c3ccc(C)cc3)C=C,9.66,0.8,0.1,10.1021/jacs.6b00386,AD3
25468,25468,CC(=C)[C@@H](CN[S](=O)(=O)c1ccc(C)cc1)CC(=O)C(C)=C,12.11,0.8,0.2,10.1002/anie.201609608,AD3
25469,25469,CC(=C)[C@H](CN[S](=O)(=O)c1ccc(C)cc1)CC(=O)C(C)=C,9.69,0.8,0.2,10.1002/anie.201609608,AD3
25817,25817,FC(F)(F)C[C@H](Cc1ccccc1)C#CCn2c3ccccc3c4ccccc24,11.9,1.0,0.01,10.1021/jacs.0c03130,AD3
25818,25818,FC(F)(F)C[C@@H](Cc1ccccc1)C#CCn2c3ccccc3c4ccccc24,9.98,1.0,0.01,10.1021/jacs.0c03130,AD3
